,name,country_reg,country,owner,users,purpose,description,CLO,TOO,longitude,perigee_km,apogee_km,eccentricity,inclination,period_minutes,launch_mass,dry_mass,power_watts,launch_date,expected_lifetime_years,contractor,contractor_country,launch_site,launch_vehicle,COSPAR,NORAD,comments,launch_year,launch_month,launch_day,nickname,radians,apogeeR,perigeeR,majorA,semimajorA,fDistance,minorA,semiminorA,meanmotion,period_seconds,simple_seconds,T_long,sec_per_longdegree,time_till_longitude,meanAnom,Efromcenter,eccentricAnom,trueAnom,trueAnomadj,trueAnomadj2,flightpath,distanceAt,cartX,cartY
126,Beidou 2-12 ,China,China,Chinese Defense Ministry,Military,Navigation/Global Positioning,,MEO,Non-Polar Inclined,46.0,21460,21595,0.00242,55.16,773.19,2200.0,,,2012-04-28,8.0,Space Technology Research Institute (part of CASC),China,Xichang Satellite Launch Center,Long March 3B,2012-018A,38250,Part of Beidou constellation.,2012.0,4.0,28.0,(Compass M3),0.8028514559173916,27966,27831,55797,27898.5,135,55796.83668452899,27898.418342264496,0.0001354869869875487,46374.824969404726,46391.4,5925.672079423938,128.81895824834646,5925.672079423937,0.8028514559173916,67.5,0.8045951895782348,0.8063403869549374,1.6126807739098747,1.6109355765331723,0.0017437343514855163,21480.68533478556,-1168.1716226601552,27873.950725514307
127,Beidou 2-13 ,China,China,Chinese Defense Ministry,Military,Navigation/Global Positioning,,MEO,Non-Polar Inclined,224.0,21452,21603,0.00271,55.1,773.21,2200.0,,,2012-04-28,8.0,Space Technology Research Institute (part of CASC),China,Xichang Satellite Launch Center,Long March 3B,2012-018B,38251,Part of Beidou constellation.,2012.0,4.0,28.0,(Compass M4),3.9095375244672983,27974,27823,55797,27898.5,151,55796.795678605056,27898.397839302528,0.0001354869869875487,46374.824969404726,46392.600000000006,28855.44664762961,128.81895824834646,28855.446647629607,3.9095375244672983,75.5,3.9076586629563863,2.3774036724422465,4.754807344884493,6.285062335398633,0.0018788628787213947,21581.984219852344,1183.0538858853886,-27873.302562730198
128,Beidou 2-14 ,China,China,Chinese Defense Ministry,Military,Navigation/Global Positioning,,MEO,Non-Polar Inclined,169.0,21462,21591,0.00231,55.0,773.1,3800.0,,,2012-09-18,8.0,Space Technology Research Institute (part of CASC),China,Xichang Satellite Launch Center,Long March 3B,2012-050A,38774,,2012.0,9.0,18.0,(Compass M5),2.949606435870417,27962,27833,55795,27897.5,129,55794.85087353492,27897.42543676746,0.00013549427195221203,46372.331587534754,46386.0,21769.233439703814,128.81203218759654,21769.233439703818,2.9496064358704173,64.5,2.950046207441843,2.9504854814672457,5.900970962934491,5.900531688909089,0.0004397726738222406,21589.764622915573,25884.444684485334,-10405.068519191056
129,Beidou 2-15 ,China,China,Chinese Defense Ministry,Military,Navigation/Global Positioning,,MEO,Non-Polar Inclined,124.0,21477,21574,0.0017399999999999998,55.0,773.1,3800.0,,,2012-09-18,8.0,Space Technology Research Institute (part of CASC),China,Xichang Satellite Launch Center,Long March 3B,2012-050B,38775,,2012.0,9.0,18.0,(Compass M6),2.1642082724729685,27945,27848,55793,27896.5,97,55792.915679322585,27896.457839661292,0.00013550155756973772,46369.83825035265,46386.0,15971.833175121468,128.80510625097958,15971.833175121468,2.1642082724729685,48.5,2.165649395642636,2.1670898158981204,4.334179631796241,4.332739211540757,0.0014411228561248843,21552.7011378282,-10300.976812412067,-25924.94083775488
133,Beidou 3M-1S,NR,China,Chinese Defense Ministry,Military,Navigation/Global Positioning,,MEO,Non-Polar Inclined,357.0,21520,21549,0.0005200000000000001,55.0,773.2,800.0,,,2015-07-25,5.0,Space Technology Research Institute (part of CASC),China,Xichang Satellite Launch Center,Long March 3B,2015-037A,40748,,2015.0,7.0,25.0,,6.230825429619756,27920,27891,55811,27905.5,29,55810.99246564246,27905.49623282123,0.00013543601050817347,46392.27989368751,46392.0,46005.67756124011,128.86744414913198,46005.67756124012,6.230825429619757,14.5,6.23079820078292,0.052414342306954874,0.10482868461390975,6.283212543089875,2.7228840501594977e-05,21520.009047313346,27752.3128480338,2919.941700250298
134,Beidou 3M-2S,NR,China,Chinese Defense Ministry,Military,Navigation/Global Positioning,,MEO,Non-Polar Inclined,12.0,21521,21550,0.0005200000000000001,55.0,773.3,800.0,,,2015-07-25,5.0,Space Technology Research Institute (part of CASC),China,Xichang Satellite Launch Center,Long March 3B,2015-037B,40749,,2015.0,7.0,25.0,,0.20943951023931956,27921,27892,55813,27906.5,29,55812.99246591245,27906.496232956226,0.0001354287307634617,46394.77363303158,46398.0,1546.4924544343862,128.87437120286552,1546.4924544343862,0.20943951023931956,14.5,0.20954767933732352,0.20965587595765883,0.41931175191531767,0.4192035552949823,0.00010816911157393209,21521.306054908124,25488.942167140976,11361.625526299425
144,Beidou M1 ,China,China,Chinese Defense Ministry,Military,Navigation/Global Positioning,,MEO,Non-Polar Inclined,42.0,21519,21545,0.000466,55.26,773.39,2200.0,,,2007-04-14,8.0,Space Technology Research Institute (part of CASC),China,Xichang Satellite Launch Center,Long March 3A,2007-011A,31115,Part of Beidou constellation; first one in MEO orbit.,2007.0,4.0,14.0,(Compass M1),0.7330382858376184,27916,27890,55806,27903.0,26,55805.993943303256,27902.996971651628,0.00013545421272353976,46386.04574081046,46403.4,5411.705336427887,128.85012705780684,5411.705336427887,0.7330382858376183,13.0,0.733350208720788,0.7336621856076736,1.4673243712153472,1.4670123943284616,0.00031192289175050353,21522.339752326527,2882.028831441555,27753.759233979108
175,Chandra X-Ray Observatory ,USA,USA,NASA Goddard Space Flight Center,Government,Space Science,,Elliptical,Deep Highly Eccentric,340.0,9999,138825,0.797,28.5,3808.92,4742.0,,2500.0,1999-07-23,5.0,TRW Space and Electronics,USA,Cape Canaveral,Space Shuttle (STS 93),1999-040B,25867,X-ray astronomy.,1999.0,7.0,23.0,(CXO),5.934119456780721,145196,16370,161566,80783.0,128826,97506.07201605447,48753.03600802724,2.7497227010343816e-05,228502.50699155952,228535.2,215807.92326980623,634.7291860876653,215807.9232698062,5.934119456780721,64413.0,4.848384389742851,2.406176176498501,4.812352352997002,7.254560566241352,0.9178409959872519,65683.02948856395,8061.898803338814,-48509.652137565114
307,EKS-1 ,NR (12/15),Russia,Ministry of Defense,Military,Earth Observation,Early Warning,Elliptical,Molniya,28.0,1606,38662,0.6990000000000001,63.0,715.0,,,,2015-11-17,,RKK Energia,Russia,Plesetsk Cosmodrome,Soyuz 2.1,2015-066A,41032,Replaces the US-OKO early warning system.,2015.0,11.0,17.0,(Integrated Space System Cosmos 2510 Tundra 11L),0.4886921905584123,45033,7977,53010,26505.0,37056,37906.634828219714,18953.317414109857,0.00014631105849488544,42944.02194759069,42900.0,3340.0905959237207,119.28894985441859,3340.0905959237207,0.48869219055841223,18528.0,1.3459121303137427,2.1699012945636933,4.339802589127387,3.515813424877436,0.7612553224130786,16002.600984221084,-9648.498079379464,-17652.91039196923
406,Galileo FOC FM1 ,NR (1/15),ESA,European Space Agency,Commercial,Navigation/Global Positioning,,MEO,Non-Polar Inclined,14.0,17231,25971,0.156,49.78,776.25,733.0,660.0,,2014-08-22,12.0,OHB-System GmbH SSTL ,Germany/UK,Guiana Space Center,Soyuz-ST,2014-050A,40128,Placed into wrong orbit subsequently maneuvered into orbit where it can work with Galileo constellation.,2014.0,8.0,22.0,(Galileo 5),0.24434609527920614,32342,23602,55944,27972.0,8740,55257.06774703124,27628.53387351562,0.00013495332391354062,46558.21083150926,46575.0,1810.597087892027,129.32836342085906,1810.5970878920268,0.2443460952792061,4370.0,0.2888173533734197,0.3371501062934422,0.6743002125868844,0.6259674596668618,0.044952141697830184,17418.103590567636,21850.161512514722,17249.898190099902
407,Galileo FOC FM2 ,NR (1/15),ESA,European Space Agency,Commercial,Navigation/Global Positioning,,MEO,Non-Polar Inclined,88.0,13810,25918,0.231,49.77,705.11,733.0,660.0,,2014-08-22,12.0,OHB-System GmbH SSTL ,Germany/UK,Guiana Space Center,Soyuz-ST,2014-050B,40129,Placed into wrong orbit subsequently maneuvered into orbit where it can work with Galileo constellation.,2014.0,8.0,22.0,(Galileo 6),1.53588974175501,32289,20181,52470,26235.0,12108,51053.86602403387,25526.933012016936,0.00014857552115248536,42289.50542082269,42306.6,10337.434658423324,117.47084839117413,10337.434658423323,1.5358897417550097,6054.0,1.7686252864257668,1.9921250174499494,3.984250034899899,3.7607503038757164,0.22871715474354629,21055.095081160078,-17458.911632362582,-19053.665076090627
408,Galileo FOC FM3 ,NR (8/15),ESA,European Space Agency,Commercial,Navigation/Global Positioning,,MEO,Non-Polar Inclined,124.0,23516,23574,0.0009689999999999999,55.0,858.55,723.0,,,2015-03-27,12.0,OHB-System GmbH SSTL ,Germany/UK,Guiana Space Center,Soyuz-ST,2015-017A,40544,,2015.0,3.0,27.0,(Galileo 7),2.1642082724729685,29945,29887,59832,29916.0,58,59831.97188794633,29915.985943973166,0.00012201509945912205,51495.14556011654,51513.0,17737.21680404014,143.04207100032374,17737.216804040145,2.1642082724729694,29.0,2.165011174821776,2.1658138593277294,4.331627718655459,4.330825034149505,0.0008029022943327321,23561.2295122759,-11117.602866625655,-27773.462831412824
409,Galileo FOC FM4 ,NR (8/15),ESA,European Space Agency,Commercial,Navigation/Global Positioning,,MEO,Non-Polar Inclined,233.0,23353,23382,0.000488,55.1,850.5,723.0,,,2015-03-27,12.0,OHB-System GmbH SSTL ,Germany/UK,Guiana Space Center,Soyuz-ST,2015-017B,40545,,2015.0,3.0,27.0,(Galileo 8),4.066617157146788,29753,29724,59477,29738.5,29,59476.99293003976,29738.49646501988,0.00012310913404858784,51037.52337905149,51030.0,33032.61929810833,141.77089827514303,33032.61929810832,4.066617157146787,14.5,4.066227537443631,2.2173473321937576,4.434694664387515,6.283574869637389,0.0003896197002546076,23376.23828819178,-8152.4834187483275,-28599.21680584601
410,Galileo FOC FM5 ,NR (12/15),ESA,European Space Agency,Commercial,Navigation/Global Positioning,,MEO,Non-Polar Inclined,298.0,23218,23240,0.00037200000000000004,57.1,845.0,723.0,,,2015-09-11,12.0,OHB-System GmbH SSTL ,Germany/UK,Guiana Space Center,Soyuz-ST,2015-045A,40889,,2015.0,9.0,11.0,(Galileo 9),5.201081170943102,29611,29589,59200,29600.0,22,59199.99591216202,29599.99795608101,0.00012397419543674204,50681.3961167071,50700.0,41952.9334521631,140.78165587974195,41952.9334521631,5.201081170943102,11.0,5.200752657065771,1.0827611926530025,2.165522385306005,6.283513849718774,0.0003285138705188962,23223.833748921326,-16584.343329426858,24517.737932270655
411,Galileo FOC FM6 ,NR (12/15),ESA,European Space Agency,Commercial,Navigation/Global Positioning,,MEO,Non-Polar Inclined,152.0,23220,23239,0.000321,57.1,844.0,723.0,,,2015-09-11,12.0,OHB-System GmbH SSTL ,Germany/UK,Guiana Space Center,Soyuz-ST,2015-045B,40890,,2015.0,9.0,11.0,(Galileo 10),2.652900463031381,29610,29591,59201,29600.5,19,59200.99695106494,29600.49847553247,0.0001239710542650075,50682.68027912625,50640.0,21399.353895631088,140.78522299757293,21399.353895631084,2.652900463031381,9.5,2.6530511207027074,2.6532017570270705,5.306403514054141,5.3062528777297775,0.0001506576762383843,23237.89022852088,16567.173998221508,-24529.94667715294
412,Galileo FOC FM8 ,NR (1/16),ESA,European Space Agency,Commercial,Navigation/Global Positioning,,MEO,Non-Polar Inclined,153.0,23550,23618,0.00114,54.96,860.51,723.0,,,2015-12-17,12.0,OHB-System GmbH SSTL ,Germany/UK,Guiana Space Center,Soyuz-ST,2015-079B,41175,,2015.0,12.0,17.0,(Galileo 11),2.670353755551324,29989,29921,59910,29955.0,68,59909.961408767405,29954.980704383703,0.00012177689016127692,51595.875858369865,51630.6,21928.247239807195,143.32187738436073,21928.24723980719,2.670353755551324,34.0,2.67087077955522,2.67138754112763,5.34277508225526,5.34225832068285,0.0005170242246385335,23614.434725944433,17657.17529733732,-24197.632759878197
413,Galileo FOC FM9 ,NR (1/16),ESA,European Space Agency,Commercial,Navigation/Global Positioning,,MEO,Non-Polar Inclined,18.0,23551,23568,0.00028399999999999996,54.95,858.34,723.0,,,2015-12-17,12.0,OHB-System GmbH SSTL ,Germany/UK,Guiana Space Center,Soyuz-ST,2015-079A,41174,,2015.0,12.0,17.0,(Galileo 12),0.3141592653589793,29939,29922,59861,29930.5,17,59860.99758607436,29930.49879303718,0.00012192644384121612,51532.58890550544,51500.4,2576.6294452752722,143.14608029307067,2576.629445275272,0.31415926535897926,8.5,0.3142470498959896,0.3143348462909425,0.628669692581885,0.628581896186932,8.778453998687947e-05,23551.416001051704,24208.10376967452,17601.207831872704
414,Galileo IOV-1 FM2,NR,ESA,European Space Agency,Commerical,Navigation/Global Positioning,,MEO,Non-Polar Inclined,202.0,23242,23307,0.0011,54.67,846.98,700.0,,1420.0,2011-10-21,12.0,Astrium/Thales Alenia Space,Germany/UK/Italy,Guiana Space Center,Soyuz-Fregat,2011-060B,37847,Operational nucleus of the full 30-satellite constellation.,2011.0,10.0,21.0,,3.5255650890285457,29678,29613,59291,29645.5,65,59290.96437063577,29645.482185317884,0.0001236888910423456,50798.299299397084,50818.8,28503.490162439477,141.1063869427697,28503.490162439477,3.525565089028546,32.5,3.525153441615907,2.7584433032121027,5.5168866064242055,6.28359674482801,0.00041164760353311786,23304.740537954705,21359.059537047186,-20558.349592970135
415,Galileo IOV-1 PFM,NR,ESA,European Space Agency,Commercial,Navigation/Global Positioning,,MEO,Non-Polar Inclined,276.0,23240,23306,0.0011099999999999999,54.68,846.88,700.0,,1420.0,2011-10-21,12.0,Astrium/Thales Alenia Space,Germany/UK/Italy,Guiana Space Center,Soyuz-Fregat,2011-060A,37846,Operational nucleus of the full 30-satellite constellation.,2011.0,10.0,21.0,,4.817108735504349,29677,29611,59288,29644.0,66,59287.96326405554,29643.98163202777,0.00012369827923305342,50794.44391737874,50812.8,38942.40700332369,141.09567754827427,38942.4070033237,4.81710873550435,33.0,4.816004688101631,1.4682847294159973,2.9365694588319946,6.284289417517629,0.001104046961464673,23269.59663922142,-29023.143847481897,6035.21433509968
416,Galileo IOV-2 FM3,NR,ESA,European Space Agency,Commercial,Navigation/Global Positioning,,MEO,Non-Polar Inclined,323.0,23214,23233,0.000321,55.34,844.76,700.0,,1420.0,2012-10-12,12.0,EADS Astrium,Germany/UK/Italy,Guiana Space Center,Soyuz-Fregat,2012-055A,38857,Operational nucleus of the full 30-satellite constellation.,2012.0,10.0,12.0,,5.6374134839416845,29604,29585,59189,29594.5,19,59188.996950446795,29594.498475223398,0.00012400875708268763,50667.27104594742,50685.6,45459.8015217806,140.74241957207616,45459.8015217806,5.6374134839416845,9.5,5.637220251781869,0.6461583123265605,1.292316624653121,6.28337856410843,0.000193232163758024,23215.914199706276,8135.357562931838,28454.354748318496
417,Galileo IOV-2 FM4,NR,ESA,European Space Agency,Commercial,Navigation/Global Positioning,,MEO,Non-Polar Inclined,199.0,23217,23227,0.000169,55.3,844.69,700.0,,1420.0,2012-10-12,12.0,EADS Astrium,Germany/UK/Italy,Guiana Space Center,Soyuz-Fregat,2012-055B,38858,Operational nucleus of the full 30-satellite constellation.,2012.0,10.0,12.0,,3.473205211468716,29598,29588,59186,29593.0,10,59185.999155205616,29592.999577602808,0.00012401818577322663,50663.418981702416,50681.4,28005.61215932995,140.73171939361782,28005.612159329947,3.473205211468716,5.0,3.4731501992411618,2.810090115771268,5.620180231542536,6.28324031501243,5.501222820108108e-05,23226.72883313989,23323.61063729139,-18214.138090214125
431,Geotail ,Japan,Multinational,Institute of Space and Astronautical Science (ISAS)/NASA/ESA,Government,Space Science,,Elliptical,Deep Highly Eccentric,146.0,49551,191451,0.5589999999999999,9.39,2474.83,980.0,,273.0,1992-07-24,,NASA/Goddard Space Flight Center,USA,Cape Canaveral,Delta 2,1992-044A,22049,Study the dynamics of the Earth's magnetotail over a wide range of distance,1992.0,7.0,24.0,(Geomagnetic Tail Laboratory),2.548180707911721,197822,55922,253744,126872.0,141900,210357.80835519274,105178.90417759637,1.3970764949187133e-05,449738.10167389316,148489.8,182393.7856788567,1249.2725046497033,182393.7856788567,2.548180707911721,70950.0,2.7617805419914063,2.9378302768272526,5.875660553654505,5.699610818818659,0.24492768318018976,186368.18213193718,116481.77551663303,-41686.397482181
479,Glonass 701 ,Russia,Russia,Ministry of Defense,Military/Commercial,Navigation/Global Positioning,,MEO,Non-Polar Inclined,28.0,19116,19146,0.000588,64.77,675.78,935.0,,1700.0,2011-02-26,10.0,ISS Reshetnev,Russia,Plesetsk Cosmodrome,Soyuz 2,2011-009A,37372,Next generation. Will transmit more navigation signals. Five channels four in L1 andL2 bands and one for civilian aplications in the L3 band.,2011.0,2.0,26.0,(Glonass-K Cosmos 2471),0.4886921905584123,25517,25487,51004,25502.0,30,51003.99117716181,25501.995588580907,0.0001550270571488002,40529.604462198964,40546.799999999996,3152.302569282142,112.58223461721934,3152.3025692821416,0.48869219055841223,15.0,0.48896838322915875,0.4892446476154935,0.978489295230987,0.9782130308446523,0.0002761927009389744,19117.761990294835,14237.168501616658,21157.856275694205
480,Glonass 702 ,Russia,Russia,Ministry of Defense,Military/Commercial,Navigation/Global Positioning,,MEO,Non-Polar Inclined,88.0,19103,19178,0.00147,64.83,676.15,935.0,,1700.0,2014-12-01,10.0,ISS Reshetnev,Russia,Plesetsk Cosmodrome,Soyuz 2-1b,2014-075A,40315,Also carries a COSPAS/SARSAT transponder.,2014.0,12.0,1.0,(Glonass K Cosmos 2501),1.53588974175501,25549,25474,51023,25511.5,75,51022.94487777043,25511.472438885216,0.00015494047149560336,40552.25369155972,40569.0,9912.77312460349,112.64514914322146,9912.77312460349,1.53588974175501,37.5,1.5373589216429768,1.5388281365762428,3.0776562731524857,3.0761870582192197,0.0014691788327245233,19139.246267263774,-25459.37403092728,1630.0001419080172
481,Glonass 714 ,Russia,Russia,Ministry of Defense,Military/Commercial,Navigation/Global Positioning,,MEO,Non-Polar Inclined,358.0,19118,19125,0.00013700000000000002,64.8,675.39,1480.0,,1600.0,2005-12-25,7.0,ISS Reshetnev,Russia,Baikonur Cosmodrome,Proton K,2005-050A,28915,New Glonass-M type; Russia's version of the GPS system functions the same; there has been cooperation between the two; much scaled-back constellation,2005.0,12.0,25.0,(Cosmos 2419),6.2482787221397,25496,25489,50985,25492.5,7,50984.99951946651,25492.499759733255,0.00015511372347673763,40506.95945108864,40523.4,40281.920787471485,112.51933180857955,40281.92078747148,6.2482787221397,3.5,6.248273940253933,0.034916149138824536,0.06983229827764907,6.2831900893927575,4.781885812296679e-06,19118.009655602764,25430.367531554963,1778.7533275849512
482,Glonass 715 ,Russia,Russia,Ministry of Defense,Military/Commercial,Navigation/Global Positioning,,MEO,Non-Polar Inclined,281.0,19130,19130,0.0,64.8,675.75,1480.0,,1600.0,2006-12-25,7.0,ISS Reshetnev,Russia,Baikonur Cosmodrome,Proton K,2006-062C,29672,,2006.0,12.0,25.0,(Glonass 35-1 Cosmos 2424),4.904375198104066,25501,25501,51002,25501.0,0,51002.0,25501.0,0.00015503617611924953,40527.22057816193,40545.0,31633.747173509728,112.57561271711646,31633.747173509724,4.9043751981040655,0.0,4.9043751981040655,1.378810109075521,2.757620218151042,6.283185307179586,0.0,19130.0,-23644.11547530766,9552.842738699146
483,Glonass 716 ,Russia,Russia,Ministry of Defense,Military/Commercial,Navigation/Global Positioning,,MEO,Non-Polar Inclined,103.0,19130,19130,0.0,64.8,675.75,1480.0,,1600.0,2006-12-25,7.0,ISS Reshetnev,Russia,Baikonur Cosmodrome,Proton K,2006-062A,29670,,2006.0,12.0,25.0,(Glonass 35-2 Cosmos 2425),1.7976891295541595,25501,25501,51002,25501.0,0,51002.0,25501.0,0.00015503617611924953,40527.22057816193,40545.0,11595.288109862995,112.57561271711646,11595.288109862995,1.7976891295541593,0.0,1.7976891295541593,1.7976891295541593,3.5953782591083185,3.5953782591083185,0.0,19130.0,-22920.146974675063,-11178.902614268254
484,Glonass 717 ,Russia,Russia,Ministry of Defense,Military/Commercial,Navigation/Global Positioning,,MEO,Non-Polar Inclined,242.0,19130,19130,0.0,64.8,675.75,1480.0,,1600.0,2006-12-25,7.0,ISS Reshetnev,Russia,Baikonur Cosmodrome,Proton K,2006-062B,29671,,2006.0,12.0,25.0,(Glonass 35-3 Cosmos 2426),4.223696789826278,25501,25501,51002,25501.0,0,51002.0,25501.0,0.00015503617611924953,40527.22057816193,40545.0,27243.298277542184,112.57561271711646,27243.298277542184,4.223696789826278,0.0,4.223696789826278,2.059488517353309,4.118977034706618,6.283185307179586,0.0,19130.0,-14259.97823140751,-21141.28713772612
485,Glonass 719 ,Russia,Russia,Ministry of Defense,Military/Commercial,Navigation/Global Positioning,,MEO,Non-Polar Inclined,75.0,19094,19171,0.00151,64.9,675.83,1480.0,,1600.0,2007-10-26,7.0,ISS Reshetnev,Russia,Baikonur Cosmodrome,Proton K,2007-052B,32276,,2007.0,10.0,26.0,(Glonass 36-2 Cosmos 2432),1.3089969389957472,25542,25465,51007,25503.5,77,51006.94188049309,25503.470940246545,0.00015501338036915557,40533.18037589102,40549.8,8444.412578310628,112.59216771080838,8444.412578310628,1.3089969389957472,38.5,1.3104560572413062,1.3119154581328556,2.623830916265711,2.622371515374162,0.0014591173206831632,19122.587091796184,-22160.734658841007,12622.598327417802
486,Glonass 720 ,Russia,Russia,Ministry of Defense,Military/Commercial,Navigation/Global Positioning,,MEO,Non-Polar Inclined,273.0,19124,19133,0.000176,64.9,675.67,1480.0,,1600.0,2007-10-26,7.0,ISS Reshetnev,Russia,Baikonur Cosmodrome,Proton K,2007-052A,32275,,2007.0,10.0,26.0,(Glonass 36-3 Cosmos 2433),4.76474885794452,25504,25495,50999,25499.5,9,50998.99920586678,25499.49960293339,0.00015504985625125966,40523.64483974515,40540.2,30730.430670140075,112.5656801104032,30730.430670140075,4.76474885794452,4.5,4.764573097527451,1.5187879708741623,3.0375759417483246,6.2833610684016135,0.00017576041526613193,19128.265908553833,-25361.678711603876,2647.5938059062833
487,Glonass 721 ,Russia,Russia,Ministry of Defense,Military/Commercial,Navigation/Global Positioning,,MEO,Non-Polar Inclined,158.0,19142,19378,0.0046,64.66,680.91,1480.0,,1600.0,2007-12-25,7.0,ISS Reshetnev,Russia,Baikonur Cosmodrome,Proton M,2007-065A,32393,,2007.0,12.0,25.0,(Glonass 37-1 Cosmos 2434),2.7576202181510405,25749,25513,51262,25631.0,236,51261.45674871131,25630.728374355655,0.0001538581616930101,40837.51708743467,40854.6,17923.132499485215,113.43754746509632,17923.13249948522,2.757620218151041,118.0,2.7593360902079627,2.761048314486885,5.52209662897377,5.520384404694848,0.001715885993968666,19369.393011245116,18559.037182672146,-17677.77350811262
488,Glonass 723 ,Russia,Russia,Ministry of Defense,Military/Commercial,Navigation/Global Positioning,,MEO,Non-Polar Inclined,57.0,19147,19365,0.00425,64.67,680.75,1480.0,,1600.0,2007-12-25,7.0,ISS Reshetnev,Russia,Baikonur Cosmodrome,Proton M,2007-065C,32395,,2007.0,12.0,25.0,(Glonass 37-3 Cosmos 2436),0.9948376736367679,25736,25518,51254,25627.0,218,51253.53638530711,25626.768192653555,0.00015389418561277188,40827.957743571416,40845.0,6464.426642732142,113.41099373214283,6464.426642732141,0.9948376736367679,109.0,0.9984102931497231,1.0019870189932596,2.003974037986519,2.0003973121429826,0.003572613814006906,19197.007489440955,-10757.115802814234,23259.78935824715
489,Glonass 725 ,Russia,Russia,Ministry of Defense,Military/Commercial,Navigation/Global Positioning,,MEO,Non-Polar Inclined,126.0,19134,19145,0.00021600000000000002,64.79,676.1,1480.0,,1600.0,2008-09-25,7.0,ISS Reshetnev,Russia,Baikonur Cosmodrome,Proton M,2008-046B,33379,,2008.0,9.0,25.0,(Glonass 38-2 Cosmos 2443),2.199114857512855,25516,25505,51021,25510.5,11,51020.998814213744,25510.499407106872,0.00015494958197892697,40549.869363533326,40566.0,14192.454277236664,112.6385260098148,14192.454277236664,2.199114857512855,5.5,2.1992895830002106,2.199464297392814,4.398928594785628,4.398753880393024,0.0001747254869856297,19142.739633125966,-7866.219941282812,-24267.430162906992
490,Glonass 730 ,Russia,Russia,Ministry of Defense,Military/Commercial,Navigation/Global Positioning,,MEO,Non-Polar Inclined,342.0,19132,19419,0.0056,64.81,681.53,1415.0,,1000.0,2009-12-14,7.0,ISS Reshetnev,Russia,Baikonur Cosmodrome,Proton M,2009-070A,36111,,2009.0,12.0,14.0,(Glonass 41-1 Cosmos 2456),5.969026041820607,25790,25503,51293,25646.5,287,51292.197067390276,25646.098533695138,0.00015371870166081816,40874.566590104936,40891.799999999996,38830.83826059969,113.54046275029148,38830.83826059969,5.969026041820607,143.5,5.967286280830359,0.3176434406204734,0.6352868812409468,6.284929721450832,0.0017397838913678632,19138.98630196654,20642.906110611413,15218.61157713133
491,Glonass 731 ,Russia,Russia,Ministry of Defense,Military/Commercial,Navigation/Global Positioning,,MEO,Non-Polar Inclined,187.0,19119,19146,0.000529,64.76,675.85,1415.0,,1000.0,2010-03-01,7.0,ISS Reshetnev,Russia,Baikonur Cosmodrome,Proton M,2010-007A,36400,,2010.0,3.0,1.0,(Glonass 42-1 Cosmos 2459),3.263765701229396,25517,25490,51007,25503.5,27,51006.99285392151,25503.496426960755,0.00015501338036915557,40533.18037589102,40551.0,21054.735361921168,112.59216771080838,21054.735361921168,3.263765701229396,13.5,3.2637012661788036,3.019548459143996,6.039096918287992,6.2832497253228,6.443505938529244e-05,19145.890894926928,24747.526244402234,-6163.476810069223
492,Glonass 732 ,Russia,Russia,Ministry of Defense,Military/Commercial,Navigation/Global Positioning,,MEO,Non-Polar Inclined,151.0,19131,19133,3.9200000000000004e-05,64.77,675.81,1415.0,,1000.0,2010-03-01,7.0,ISS Reshetnev,Russia,Baikonur Cosmodrome,Proton M,2010-007C,36402,,2010.0,3.0,1.0,(Glonass 42-3 Cosmos 2460),2.6354471705114375,25504,25502,51006,25503.0,2,51005.999960788926,25502.999980394463,0.00015501793907225363,40531.98839297562,40548.6,17000.917353720328,112.5888566471545,17000.917353720328,2.635447170511437,1.0,2.635466174397001,2.635485177956795,5.27097035591359,5.270951352353796,1.9003885572563283e-05,19132.87438192504,13516.174989310864,-21626.743211570487
493,Glonass 733 ,Russia,Russia,Ministry of Defense,Military/Commercial,Navigation/Global Positioning,,MEO,Non-Polar Inclined,350.0,18864,19130,0.00524,64.78,670.47,1415.0,,1000.0,2009-12-14,7.0,ISS Reshetnev,Russia,Baikonur Cosmodrome,Proton M,2009-070B,36112,,2009.0,12.0,14.0,(Glonass 41-2 Cosmos 2457),6.1086523819801535,25501,25235,50736,25368.0,266,50735.30269940251,25367.651349701257,0.0001562570142444339,40210.580866154,40228.200000000004,39093.62028653861,111.69605796153888,39093.62028653861,6.1086523819801535,133.0,6.107737745646587,0.17636456939369088,0.35272913878738177,6.284102315040278,0.0009146482543613135,18866.112326954146,23806.17849088493,8763.514055797248
494,Glonass 734 ,Russia,Russia,Ministry of Defense,Military/Commercial,Navigation/Global Positioning,,MEO,Non-Polar Inclined,338.0,19098,19129,0.000608,64.8,675.08,1415.0,,1000.0,2009-12-14,7.0,ISS Reshetnev,Russia,Baikonur Cosmodrome,Proton M,2009-070C,36113,,2009.0,12.0,14.0,(Glonass 41-3 Cosmos 2458),5.899212871740834,25500,25469,50969,25484.5,31,50968.99057270018,25484.49528635009,0.00015518676829818825,40487.89324039903,40504.8,38013.6330979302,112.46637011221954,38013.6330979302,5.8992128717408345,15.5,5.898984982464521,0.384428278251497,0.768856556502994,6.283413260716018,0.0002278893085743976,19099.135002426232,18315.867935455906,17719.72363975619
495,Glonass 735 ,Russia,Russia,Ministry of Defense,Military/Commercial,Navigation/Global Positioning,,MEO,Non-Polar Inclined,168.0,19128,19135,0.00013700000000000002,64.77,675.81,1415.0,,1000.0,2010-03-01,7.0,ISS Reshetnev,Russia,Baikonur Cosmodrome,Proton M,2010-007B,36401,,2010.0,3.0,1.0,(Glonass 42-2 Cosmos 2461),2.9321531433504737,25506,25499,51005,25502.5,7,51004.999519654935,25502.499759827468,0.00015502249799879674,40530.7964217449,40548.6,18914.37166348095,112.58554561595805,18914.371663480953,2.9321531433504737,3.5,2.9321816234356075,2.932210101612724,5.864420203225448,5.864391725048332,2.8480085381461617e-05,19134.917514345565,23298.87451582769,-10370.14708286131
496,Glonass 736 ,Russia,Russia,Ministry of Defense,Military/Commercial,Navigation/Global Positioning,,MEO,Non-Polar Inclined,276.0,18909,19123,0.00421,64.82,671.2,1415.0,,1000.0,2010-09-02,7.0,ISS Reshetnev,Russia,Baikonur Cosmodrome,Proton M,2010-041C,37139,,2010.0,9.0,2.0,(Glonass 43-1 Cosmos 2464),4.817108735504349,25494,25280,50774,25387.0,214,50773.54901914972,25386.77450957486,0.00015608162953695677,40255.76440878882,40272.0,30862.75271340476,111.82156780219117,30862.752713404763,4.817108735504349,107.0,4.812919954989862,1.4744549935141067,2.9489099870282134,6.2873749485039685,0.0041887564003818285,19005.27341215029,-24917.189617183798,4861.379511327652
497,Glonass 737 ,Russia,Russia,Ministry of Defense,Military/Commercial,Navigation/Global Positioning,,MEO,Non-Polar Inclined,38.0,19116,19380,0.00515,64.84,680.43,1415.0,,1000.0,2010-09-02,7.0,ISS Reshetnev,Russia,Baikonur Cosmodrome,Proton M,2010-041B,37138,,2010.0,9.0,2.0,(Glonass 43-2 Cosmos 2465),0.6632251157578453,25751,25487,51238,25619.0,264,51237.319875262794,25618.659937631397,0.00015396627563926197,40808.84129392652,40825.799999999996,4307.599914358911,113.35789248312922,4307.599914358911,0.6632251157578453,132.0,0.666408692121682,0.669598727705086,1.339197455410172,1.336007419826768,0.003183591737751588,19144.290680711347,5880.431515500877,24934.65821281434
498,Glonass 738 ,Russia,Russia,Ministry of Defense,Military/Commercial,Navigation/Global Positioning,,MEO,Non-Polar Inclined,91.0,19079,19175,0.0018800000000000002,64.84,675.61,1415.0,,1000.0,2010-09-02,7.0,ISS Reshetnev,Russia,Baikonur Cosmodrome,Proton M,2010-041A,37137,,2010.0,9.0,2.0,(Glonass 43-3 Cosmos 2466),1.5882496193148399,25546,25450,50996,25498.0,96,50995.90963989171,25497.954819945855,0.00015506353839524127,40520.069206497676,40536.6,10242.573049420245,112.55574779582687,10242.573049420245,1.5882496193148397,48.0,1.5901292713093667,1.5920088869347009,3.1840177738694018,3.1821381582440678,0.0018796497820316627,19127.92669093854,-25475.05663340489,-1081.4293228651263
499,Glonass 742 ,Russia,Russia,Ministry of Defense,Military/Commercial,Navigation/Global Positioning,,MEO,Non-Polar Inclined,53.0,19126,19158,0.000627,64.82,676.2,1415.0,,1000.0,2011-10-02,7.0,ISS Reshetnev,Russia,Plesetsk Cosmodrome,Soyuz 2,2011-055A,37829,,2011.0,10.0,2.0,(Glonass-M Cosmos 2474),0.9250245035569946,25529,25497,51026,25513.0,32,51025.98996589875,25512.994982949374,0.0001549268074444639,40555.83027121951,40572.0,5970.719456596205,112.65508408672085,5970.7194565962045,0.9250245035569944,16.0,0.9255254370430436,0.9260264649706133,1.8520529299412265,1.8515519020136568,0.0005009334797795685,19132.379375988196,-7081.467251511406,24510.523337708175
500,Glonass 743 ,Russia,Russia,Ministry of Defense,Military/Commercial,Navigation/Global Positioning,,MEO,Non-Polar Inclined,218.0,19142,19204,0.00121,64.8,677.46,1415.0,,1000.0,2011-11-04,7.0,ISS Reshetnev,Russia,Baikonur Cosmodrome,Proton M,2011-064A,37867,,2011.0,11.0,4.0,(Glonass 44-2 Cosmos 2476),3.8048177693476384,25575,25513,51088,25544.0,62,51087.96237862692,25543.98118931346,0.00015464486607291014,40629.76978632619,40647.600000000006,24603.582815053083,112.86047162868387,24603.582815053083,3.8048177693476375,31.0,3.804073528590854,2.4798556645260943,4.959711329052189,6.283929193116949,0.0007442409579484521,19197.370180915183,6253.392559136633,-24766.713833193484
501,Glonass 744 ,Russia,Russia,Ministry of Defense,Military/Commercial,Navigation/Global Positioning,,MEO,Non-Polar Inclined,169.0,19150,19199,0.000959,64.8,677.5,1415.0,,1000.0,2011-11-04,7.0,ISS Reshetnev,Russia,Baikonur Cosmodrome,Proton M,2011-064B,37868,,2011.0,11.0,4.0,(Glonass 44-3 Cosmos 2477),2.949606435870417,25570,25521,51091,25545.5,49,51090.976502705445,25545.488251352723,0.00015463124544145637,40633.34864335946,40650.0,19075.099779799304,112.87041289822072,19075.0997797993,2.949606435870416,24.5,2.949789249599708,2.949971977356222,5.899943954712444,5.899761226955929,0.00018281380826370034,19198.548888923375,23692.36493431095,-9552.189808672058
502,Glonass 745 ,Russia,Russia,Ministry of Defense,Military/Commercial,Navigation/Global Positioning,,MEO,Non-Polar Inclined,155.0,19139,19212,0.00143,64.78,677.54,1415.0,,1000.0,2011-11-04,7.0,ISS Reshetnev,Russia,Baikonur Cosmodrome,Proton M,2011-064C,37869,,2011.0,11.0,4.0,(Glonass 44-1 Cosmos 2475),2.705260340591211,25583,25510,51093,25546.5,73,51092.94784997241,25546.473924986203,0.00015462216613124568,40635.734606423255,40652.399999999994,17495.941288876682,112.87704057339793,17495.94128887668,2.7052603405912103,36.5,2.7058639024771423,2.706467073572225,5.41293414714445,5.412330976049367,0.0006035623197248033,19208.618090677144,16468.15673648531,-19530.046014384814
503,Glonass 746 ,Russia,Russia,Ministry of Defense,Military/Commercial,Navigation/Global Positioning,,MEO,Non-Polar Inclined,157.0,19130,19162,0.000627,64.82,676.38,1415.0,,1000.0,2011-11-27,7.0,ISS Reshetnev,Russia,Plesetsk Cosmodrome,Soyuz 2,2011-071A,37938,,2011.0,11.0,27.0,(Glonass-M Cosmos 2478),2.7401669256310974,25533,25501,51034,25517.0,32,51033.98996747168,25516.99498373584,0.00015489037979173694,40565.36833099547,40582.8,17691.007855461914,112.68157869720964,17691.007855461914,2.7401669256310974,16.0,2.740411772733553,2.74065654920699,5.48131309841398,5.481068321940543,0.0002448471383487903,19160.72883369889,17743.56360435717,-18338.02354130725
504,Glonass 747 ,Russia,Russia,Ministry of Defense,Military/Commercial,Navigation/Global Positioning,,MEO,Non-Polar Inclined,116.0,19087,19173,0.0016899999999999999,64.77,675.73,1415.0,,1000.0,2013-04-26,7.0,ISS Reshetnev,Russia,Plesetsk Cosmodrome,Soyuz 2,2013-019A,39155,,2013.0,4.0,26.0,(Glonass-M Cosmos 2485),2.0245819323134224,25544,25458,51002,25501.0,86,51001.92749298795,25500.963746493973,0.00015503617611924953,40527.22057816193,40543.8,13058.77107518551,112.57561271711646,13058.771075185508,2.024581932313422,43.0,2.026099769765983,2.02761704247938,4.05523408495876,4.053716812245362,0.0015178367052148239,19148.95111714033,-15577.713323825934,-20189.96507104982
505,Glonass 754 ,Russia,Russia,Ministry of Defense,Military/Commercial,Navigation/Global Positioning,,MEO,Non-Polar Inclined,345.0,19084,19177,0.00182,64.81,675.74,1415.0,,1000.0,2014-03-23,7.0,ISS Reshetnev,Russia,Plesetsk Cosmodrome,Soyuz 2-1b,2014-012A,39620,,2014.0,3.0,23.0,(Glonass-M Cosmos 2491 RS-46),6.021385919380437,25548,25455,51003,25501.5,93,51002.915210799474,25501.457605399737,0.00015503161652227936,40528.412514337935,40544.4,38839.728659573855,112.5789236509387,38839.728659573855,6.021385919380437,46.5,6.02091403916,0.2627435636616769,0.5254871273233538,6.283657602821677,0.0004718809144673424,19085.674418875937,22060.82957212271,12792.410122308893
506,Glonass 755 ,Russia,Russia,Ministry of Defense,Military/Commercial,Navigation/Global Positioning,,MEO,Non-Polar Inclined,311.0,19114,19146,0.000627,64.77,675.73,1415.0,,1000.0,2014-06-14,7.0,ISS Reshetnev,Russia,Plesetsk Cosmodrome,Soyuz 2-1b,2014-032A,40001,,2014.0,6.0,14.0,(Glonass-M Cosmos 2500),5.427973973702365,25517,25485,51002,25501.0,32,51001.989961177,25500.9949805885,0.00015503617611924953,40527.22057816193,40543.8,35011.015555023216,112.57561271711646,35011.015555023216,5.427973973702364,16.0,5.427500576063914,0.8561582260715788,1.7123164521431575,6.283658802135493,0.0004733976431087697,19119.51590260022,-3596.870282688488,25246.054627654772
549,Hisaki ,Japan,Japan,Japan Aerospace Exploration Agency (JAXA),Government,Space Science,,Elliptical,,0.0,952,1155,0.0137,31.0,106.27,348.0,,900.0,2013-09-14,1.0,NEC Corporation,Japan,Uchinoura Space Center,Epsilon,2013-049A,39253,Carries extreme ultraviolet telescope to observe the planets and measure their interaction with plasma generated by Jupiters moon Io and investigate the mechanism of how the atmosphere of the terrestrial planets escapes into space.,2013.0,9.0,14.0,(Sprint A Spectroscopic Planet Observatory for Recognition of Interaction of Atmosphere),0.0,7526,7323,14849,7424.5,203,14847.612333301271,7423.8061666506355,0.0009868884078601983,6366.66238769891,6376.2,0.0,17.685173299163637,0.0,0.0,101.5,0.0,0.0,0.0,0.0,0.0,951.7843499999999,7424.5,0.0
573,Improved Trumpet 4 ,USA,USA,National Reconnaissance Office (NRO),Military,Earth Observation,Electronic Intelligence,Elliptical,Molniya,342.0,1111,37564,0.7090000000000001,63.0,684.0,4000.0,,,2006-06-28,,National Reconnaissance Laboratory,USA,Vandenberg AFB,Delta 4,2006-027A,29249,Speculation on purpose - HEO indicates possible SBIRS-HEO test payload; may also carry NASA's TWINS-A science payload to map the Earth's magnetosphere.,2006.0,6.0,28.0,(NROL-22 National Reconnaissance Office Launch-22 SBIRS HEO-1 Twins 1 USA 184),5.969026041820607,43935,7482,51417,25708.5,36453,36261.36621805638,18130.68310902819,0.00015316296263935094,41022.876542121005,41040.0,38971.73271501496,113.952434839225,38971.73271501495,5.969026041820606,18226.5,5.296344360967967,1.8326347981694284,3.665269596338857,7.128979159137396,0.69794057123255,9288.261448289735,-22263.20924507722,-9066.56887866609
574,Improved Trumpet 5 ,USA,USA,National Reconnaissance Office (NRO),Military,Earth Observation,Electronic Intelligence,Elliptical,Molniya,198.0,1112,37580,0.7090000000000001,63.56,684.0,4200.0,,,2008-03-13,,National Reconnaissance Laboratory,USA ,Vandenberg AFB,Atlas 5,2008-010A,32706,Reported to be carrying signals intelligence and early warning payloads.,2008.0,3.0,13.0,(NROL-28 National Reconnaissance Office Launch-28 SBIRS HEO-2 Twins 2 USA 200),3.4557519189487724,43951,7483,51434,25717.0,36468,36270.391947151606,18135.195973575803,0.00015308703362732477,41043.22331096557,41040.0,22573.772821031063,114.00895364157103,22573.772821031063,3.4557519189487724,18234.0,3.3248953396610186,3.0657777463386373,6.131555492677275,6.390673085999656,0.18124681879849078,37273.89054222433,25421.928500771286,-2739.3113180867626
575,Improved Trumpet 6 ,USA,USA,National Reconnaissance Office (NRO),Military,Earth Observation,Electronic Intelligence,Elliptical,Molniya,161.0,2103,37746,0.6779999999999999,62.85,707.55,4200.0,,,2014-12-13,,National Reconnaissance Laboratory,USA,Vandenberg AFB,Atlas 5,2014-081A,40344,NROL-35 will not carry a TWINS payload it is likely that it will play host to the third SBIRS-HEO instrument.,2014.0,12.0,13.0,(NROL-35 National Reconnaissance Office Launch-35 SBIRS HEO-3 USA 259),2.8099800957108707,44117,8474,52591,26295.5,35643,38670.27064813485,19335.135324067425,0.00014806305817961847,42435.87417705042,42453.0,18978.265951403107,117.8774282695845,18978.265951403104,2.80998009571087,17821.5,2.944487666599445,3.0550226454046716,6.110045290809343,5.999510312004117,0.17870220386272193,37407.649737591324,25902.34739808061,-3330.9848435473987
593,Integral ,ESA,ESA/USA/Russia,European Space Operations Centre (ESOC)/NASA/Russia,Government,Space Science,,Elliptical,Deep Highly Eccentric,164.0,6292,156833,0.856,53.95,4032.86,4000.0,3414.0,2000.0,2002-10-17,2.0,Alenia Aerospazio (and 28 subcontractors),Italy/International,Baikonur Cosmodrome,Proton,2002-048A,27540,Astronomical satellite for observing the gamma-ray sky.,2002.0,10.0,17.0,(INTErnational Gamma-Ray Astrophysics Laboratory),2.8623399732707004,163204,12663,175867,87933.5,150541,90920.89423229404,45460.44711614702,2.4212371320864875e-05,259503.09550081476,241971.6,118218.07683926006,720.8419319467076,118218.07683926006,2.8623399732707004,75270.5,2.991778418258696,3.09979080893875,6.1995816178775,6.091569227197446,0.24227853991545056,155990.4512192988,87626.36997631974,-3796.2351411482196
630,Interstellar Boundary EXplorer ,USA,USA,NASA/Goddard Space Flight Center,Government,Space Science,,Elliptical,Deep Highly Eccentric,345.0,62200,268679,0.601,15.2,,462.0,,,2008-10-19,,Orbital Sciences Corp.,USA,Kwajalein Island,Pegasus XL,2008-051A,33401,Monitor the boundary between heliosphere and interstellar medium.,2008.0,10.0,19.0,(IBEX),6.021385919380437,275050,68571,343621,171810.5,206479,274666.7329692477,137333.36648462384,8.865317879861418e-06,708737.7342049471,,679206.995279741,1968.7159283470753,679206.995279741,6.021385919380438,103239.5,5.650567827310462,1.160631868455888,2.321263736911776,6.81119969576635,0.41835399143047436,82163.62359765527,-117171.44236525758,100441.52952976798
782,Meridian-3,Russia,Russia,Military Space Forces (VKS),Military,Communications,,Elliptical,Molniya,41.0,2253,38105,0.675,62.85,645.98,2500.0,,,2010-11-02,,PO Polyot,Russia,Plesetsk Cosmodrome,Soyuz 2-1a,2010-058A,37212,Military communications - designed to replace Molniya and Parus spacecraft; this is the third of the series first success.,2010.0,11.0,2.0,,0.7155849933176751,44476,8624,53100,26550.0,35852,39169.42807854105,19584.714039270526,0.00014593923888956475,43053.43343563826,38758.8,4903.307696836579,119.59287065455072,4903.307696836579,0.7155849933176751,17926.0,1.618287791615555,2.346251260666261,4.692502521332522,3.964539052281816,0.7404028844187023,21029.786513529227,-527.9506880093788,-19580.841571187284
783,Meridian-4,Russia,Russia,Military Space Forces (VKS),Military,Communications,,Elliptical,Molniya,295.0,1722,38637,0.695,64.47,717.88,2500.0,,,2011-05-04,,PO Polyot,Russia,Plesetsk Cosmodrome,Soyuz 2-1a,2011-018A,37398,Military communications - designed to replace Molniya and Parus spacecraft; this is the fourth of the series.,2011.0,5.0,4.0,,5.1487212933832724,45008,8093,53101,26550.5,36915,38170.655954541835,19085.327977270917,0.00014593511640924035,43054.64964004884,43072.8,35280.89345504002,119.59624900013567,35280.89345504002,5.148721293383272,18457.5,4.2568885397649785,2.6243222175647345,5.248644435129469,6.881210757329713,0.7148817883925733,28297.01510527489,13565.199134142835,-16406.279820702955
784,Meridian-6 ,Russia,Russia,Military Space Forces (VKS),Military,Communications,,Elliptical,Molniya,75.0,1494,38860,0.7040000000000001,63.77,718.04,2500.0,,,2012-11-14,7.0,ISS Reshetnev,Russia,Plesetsk Cosmodrome,Soyuz 2-1a,2012-063A,38995,Military communications - designed to replace Molniya and Parus spacecraft; this is the sixth of the series.,2012.0,11.0,14.0,(Meridian 16L),1.3089969389957472,45231,7865,53096,26548.0,37366,37722.23826869238,18861.11913434619,0.0001459557307519401,43048.56873251664,43082.399999999994,8968.4518192743,119.579357590324,8968.4518192743,1.308996938995747,18683.0,2.1405192418147916,2.6932932885124132,5.3865865770248265,4.833812530327204,0.6955439697598857,30258.250440814052,16573.137846551654,-14734.459409771203
785,Meridian-7 ,Russia,Russia,Military Space Forces (VKS),Military,Communications,,Elliptical,Molniya,67.0,962,39398,0.7240000000000001,62.82,717.88,2500.0,,,2014-10-30,7.0,ISS Reshetnev,Russia,Plesetsk Cosmodrome,Soyuz 2-1a,2014-069A,40296,Military communications - designed to replace Molniya and Parus spacecraft; this is the seventh of the series.,2014.0,10.0,30.0,(Meridian 17L),1.1693705988362009,45769,7333,53102,26551.0,38436,36640.091539186964,18320.045769593482,0.00014593099412299812,43055.86585591129,43072.8,8013.175034294602,119.59962737753136,8013.175034294602,1.1693705988362009,19218.0,2.098718812870424,2.689730958803797,5.379461917607594,4.788449771674221,0.736496272088159,29863.35108062863,16426.812565172695,-14392.886937476464
802,MMS-1 ,NR,USA,National Aeronautics and Space Administration (NASA),Government,Space Science,,Elliptical,,183.0,1375,70009,0.816,28.9,1433.0,1360.0,,,2015-03-13,3.0,NASA/Goddard Space Flight Center,USA,Cape Canaveral,Atlas 5,2015-011A,40482,4 satellites in a tetrahedral formation - gather information about the microphysics of magnetic reconnection energetic particle acceleration and turbulence processes that occur in many astrophysical plasmas,2015.0,3.0,13.0,(Magnetospheric Multiscale Mission),3.193952531149623,76380,7746,84126,42063.0,68634,48647.280705091835,24323.640352545917,7.318439703718314e-05,85854.16511646954,85980.0,43642.53393420535,238.48379199019317,43642.53393420535,3.193952531149623,34317.0,3.1704214435389115,3.132415575331916,6.264831150663832,6.302837018870827,0.040667742627982464,70001.14591054602,42055.91521104014,-446.41483674085146
803,MMS-2 ,NR,USA,National Aeronautics and Space Administration (NASA),Government,Space Science,,Elliptical,,113.0,1357,70117,0.816,29.0,1433.0,1360.0,,,2015-03-13,3.0,NASA/Goddard Space Flight Center,USA,Cape Canaveral,Atlas 5,2015-011B,40483,,2015.0,3.0,13.0,(Magnetospheric Multiscale Mission),1.9722220547535925,76488,7728,84216,42108.0,68760,48625.066128489736,24312.533064244868,7.306711227517612e-05,85991.9752065286,85980.0,26991.925550938147,238.86659779591278,26991.925550938144,1.9722220547535925,34380.0,2.541763391363942,2.94535442308954,5.89070884617908,5.487117814453482,0.6728305962097453,64098.94947348928,38906.30570844024,-9299.002898898565
804,MMS-3 ,NR,USA,National Aeronautics and Space Administration (NASA),Government,Space Science,,Elliptical,,241.0,1429,70045,0.815,29.0,1433.0,1360.0,,,2015-03-13,3.0,NASA/Goddard Space Flight Center,USA,Cape Canaveral,Atlas 5,2015-011C,40484,,2015.0,3.0,13.0,(Magnetospheric Multiscale Mission),4.2062434973063345,76416,7800,84216,42108.0,68616,48828.05750795335,24414.028753976676,7.306711227517612e-05,85991.9752065286,85980.0,57566.85006881499,238.86659779591278,57566.85006881498,4.2062434973063345,34308.0,3.695308851675641,2.9606476102832424,5.921295220566485,6.655956461958883,0.6368116623325885,64927.0920905433,39380.63635607226,-8643.604484178277
805,MMS-4 ,NR,USA,National Aeronautics and Space Administration (NASA),Government,Space Science,,Elliptical,,70.0,1317,70157,0.8170000000000001,29.0,1433.0,1360.0,,,2015-03-13,3.0,NASA/Goddard Space Flight Center,USA,Cape Canaveral,Atlas 5,2015-011D,40485,,2015.0,3.0,13.0,(Magnetospheric Multiscale Mission),1.2217304763960306,76528,7688,84216,42108.0,68840,48511.74142411299,24255.870712056494,7.306711227517612e-05,85991.9752065286,85980.0,16720.661845713894,238.86659779591278,16720.661845713894,1.2217304763960306,34420.0,2.2871777725572997,2.8546276432562894,5.709255286512579,5.1418054158135895,0.8185288010490027,58327.56923464329,35361.19154570914,-13169.399031588908
819,Navstar GPS II-10 ,USA,USA,DoD/US Air Force,Military/Commercial,Navigation/Global Positioning,,MEO,Non-Polar Inclined,45.0,19781,20582,0.0151,55.78,717.94,1816.0,844.0,700.0,1990-11-26,7.5,Rockwell International,USA,Cape Canaveral,Delta 2,1990-103A,20959,Currently unused although usable.,1990.0,11.0,26.0,(Navstar SVN 23 PRN 32  USA 66),0.7853981633974483,26953,26152,53105,26552.5,801,53098.95878451855,26549.479392259276,0.0001459186284286367,43059.51457220869,43076.4,5382.439321526086,119.6097627005797,5382.439321526086,0.7853981633974484,400.5,0.7961907111977772,0.807040442041343,1.614080884082686,1.6032311532391201,0.01079273519445845,19901.066902577455,-1148.954357819816,26524.612348050785
820,Navstar GPS II-23 ,USA,USA,DoD/US Air Force,Military/Commercial,Navigation/Global Positioning,,MEO,Non-Polar Inclined,103.0,20104,20260,0.00294,55.0,717.97,1816.0,844.0,700.0,1993-10-26,7.5,Rockwell International,USA,Cape Canaveral,Delta 2,1993-068A,22877,,1993.0,10.0,26.0,(Navstar SVN 34 PRN 04 USA 96),1.7976891295541595,26631,26475,53106,26553.0,156,53105.770872853354,26552.885436426677,0.00014591450691859532,43060.73083387748,43078.200000000004,12320.153544137169,119.61314120521523,12320.153544137169,1.7976891295541595,78.0,1.8005518842443515,1.8034136733675799,3.6068273467351597,3.6039655576119314,0.0028627475062456835,20199.778671690532,-23730.848893553117,-11912.489045430892
821,Navstar GPS IIF-1 ,USA,USA,DoD/US Air Force,Military/Commercial,Navigation/Global Positioning,,MEO,Non-Polar Inclined,163.0,20188,20224,0.000677,55.0,718.94,1630.0,,,2010-05-28,12.0,Boeing Satellite Systems,USA,Cape Canaveral,Delta 4,2010-022A,36585,First in the IIF series.,2010.0,5.0,28.0,(Navstar SVN 62 PRN 25 USA 213),2.8448866807507573,26595,26559,53154,26577.0,36,53153.987809006394,26576.993904503197,0.00014571690236671035,43119.12485874395,43136.4,19523.381533264623,119.7753468298443,19523.38153326462,2.8448866807507565,18.0,2.8450844883306026,2.8452822319133118,5.6905644638266235,5.690366720243914,0.00019780761872530692,20223.207476922165,22045.081771397672,-14844.231122433905
822,Navstar GPS IIF-10 ,NR (8/15),USA,DoD/US Air Force,Military/Commercial,Navigation/Global Positioning,,MEO,Non-Polar Inclined,225.0,20446,20459,0.000242,54.9,728.96,1630.0,,1136.0,2015-07-15,12.0,Boeing Satellite Systems,USA,Cape Canaveral,Atlas 5,2015-033A,40730,,2015.0,7.0,15.0,(Navstar SVN 72 PRN 8 USA 262),3.9269908169872414,26830,26817,53647,26823.5,13,53646.9984248886,26823.4992124443,0.00014371288157127922,43720.404451449474,43737.600000000006,27325.25278215592,121.44556792069298,27325.25278215592,3.9269908169872414,6.5,3.9268197264231843,2.3565366566802957,4.713073313360591,6.28335638310348,0.00017109056489314026,20457.090818300487,18.356204146355534,-26823.492931566336
823,Navstar GPS IIF-11 ,NR (12/15),USA,DoD/US Air Force,Military/Commercial,Navigation/Global Positioning,,MEO,Non-Polar Inclined,359.0,20426,20486,0.00112,55.0,97.7,1630.0,,,2015-10-31,12.0,Boeing Satellite Systems,USA,Cape Canaveral,Atlas 5,2015-062A,41019,Laar of the IIF series.,2015.0,10.0,31.0,(Navstar SVN 73 PRN 10 USA 265),6.265732014659643,26857,26797,53654,26827.0,60,53653.96645169861,26826.983225849304,0.0001436847581128647,43728.96185859971,5862.0,43607.4925201036,121.4693384961103,43607.492520103595,6.265732014659642,30.0,6.265712446050928,0.01749244070639595,0.0349848814127919,6.283204886757324,1.956862098067677e-05,20425.958346455005,26810.58432937735,938.3473856985285
824,Navstar GPS IIF-2 ,USA,USA,DoD/US Air Force,Military/Commercial,Navigation/Global Positioning,,MEO,Non-Polar Inclined,184.0,20451,20464,0.000242,55.03,729.18,1630.0,,,2011-07-16,12.0,Boeing Satellite Systems,USA,Cape Canaveral,Delta 4,2011-036A,37753,,2011.0,7.0,16.0,(Navstar SVN 63 PRN 01 USA 232),3.2114058236695664,26835,26822,53657,26828.5,13,53656.99842518215,26828.499212591076,0.00014367270800991972,43732.62948969939,43750.799999999996,22352.232850290802,121.4795263602761,22352.232850290802,3.211405823669566,6.5,3.211388946677203,3.071813235458091,6.143626470916182,6.283202182135295,1.687699285309679e-05,20463.97668924618,26567.65886812349,-3732.012017592981
825,Navstar GPS IIF-3 ,USA,USA,DoD/US Air Force,Military/Commercial,Navigation/Global Positioning,,MEO,Non-Polar Inclined,70.0,20174,20191,0.00032,54.95,718.0,1630.0,,1136.0,2012-10-04,10.0,Boeing Satellite Systems,USA,Cape Canaveral,Delta 4,2012-053A,38833,Will replace 2A-21.,2012.0,10.0,4.0,(Navstar SVN 65 PRN 24 USA 239),1.2217304763960306,26562,26545,53107,26553.5,17,53106.997279078016,26553.498639539008,0.0001459103856025722,43061.94710699759,43080.0,8373.156381916198,119.61651974165997,8373.156381916198,1.2217304763960306,8.5,1.2220312109490101,1.2223319619382875,2.444663923876575,2.4443631728872974,0.00030073454571238575,20179.59621520059,-20361.679021359036,17043.777747751927
826,Navstar GPS IIF-4 ,USA,USA,DoD/US Air Force,Military/Commercial,Navigation/Global Positioning,,MEO,Non-Polar Inclined,281.0,20184,20247,0.00118,55.09,719.32,1630.0,,1136.0,2013-05-15,10.0,Boeing Satellite Systems,USA,Cape Canaveral,Atlas 5,2013-023A,39166,,2013.0,5.0,15.0,(Navstar SVN 66 PRN 27 USA 242),4.904375198104066,26618,26555,53173,26586.5,63,53172.962678413925,26586.481339206963,0.00014563880707944808,43142.24644638855,43159.200000000004,33674.920142875504,119.83957346219042,33674.920142875504,4.9043751981040655,31.5,4.903216617167753,1.3811274001112726,2.762254800222545,6.284344017279025,0.0011585804470551364,20209.549610133978,-24696.466664600728,9845.11962704604
827,Navstar GPS IIF-5 ,USA,USA,DoD/US Air Force,Military/Commercial,Navigation/Global Positioning,,MEO,Non-Polar Inclined,54.0,20457,20469,0.00022400000000000002,54.98,729.39,1630.0,,1136.0,2014-02-21,10.0,Boeing Satellite Systems,USA,Cape Canaveral,Delta 4,2014-008A,39533,,2014.0,2.0,21.0,(Navstar SVN 64 PRN 30 USA 248),0.9424777960769379,26840,26828,53668,26834.0,12,53667.99865841841,26833.999329209204,0.0001436285387059359,43746.07834758897,43763.4,6561.911752138345,121.51688429885824,6561.911752138345,0.9424777960769379,6.0,0.9426590397469258,0.9428402953451466,1.8856805906902931,1.8854993350920723,0.00018124366957366492,20459.46781242018,-8310.662280464674,25514.63140852935
828,Navstar GPS IIF-6 ,USA,USA,DoD/US Air Force,Military/Commercial,Navigation/Global Positioning,,MEO,Non-Polar Inclined,33.0,20174,20188,0.000264,55.05,717.92,1630.0,,1136.0,2014-05-17,10.0,Boeing Satellite Systems,USA,Cape Canaveral,Delta 4,2014-026A,39741,,2014.0,5.0,17.0,(Navstar SVN 67 PRN 06 USA 251),0.5759586531581288,26559,26545,53104,26552.0,14,53103.99815456459,26551.999077282297,0.00014592275013270908,43058.29832199132,43075.2,3947.0106795158713,119.60638422775368,3947.0106795158713,0.5759586531581288,7.0,0.576102469705655,0.5762463021753689,1.1524926043507377,1.152348771881024,0.00014381655005936075,20175.121696556605,10785.714867365408,24262.667163468544
829,Navstar GPS IIF-7 ,USA,USA,DoD/US Air Force,Military/Commercial,Navigation/Global Positioning,,MEO,Non-Polar Inclined,303.0,20471,20476,9.31e-05,54.92,729.0,1630.0,,1136.0,2014-08-02,10.0,Boeing Satellite Systems,USA,Cape Canaveral,Atlas 5,2014-045A,40105,,2014.0,8.0,2.0,(Navstar SVN 68 PRN 09 USA 256),5.288347633542818,26847,26842,53689,26844.5,5,53688.99976717764,26844.49988358882,0.0001435442783075296,43771.75726724875,43740.0,36841.2290332677,121.58821463124653,36841.2290332677,5.288347633542818,2.5,5.288269549353614,0.9949938439945449,1.9899876879890899,6.283263393348159,7.808418914602014e-05,20472.138989294766,-10926.30102329025,24520.25939878827
830,Navstar GPS IIF-8 ,USA,USA,DoD/US Air Force,Military/Commercial,Navigation/Global Positioning,,MEO,Non-Polar Inclined,348.0,20155,20211,0.00105,54.97,718.02,1630.0,,1136.0,2014-10-29,10.0,Boeing Satellite Systems,USA,Cape Canaveral,Atlas 5,2014-068A,40294,,2014.0,10.0,29.0,(Navstar SVN 69 PRN 03 USA 258),6.073745796940266,26582,26526,53108,26554.0,56,53107.97047524976,26553.98523762488,0.0001459062644805545,43063.163391568916,43081.2,41627.724611849946,119.61989830991365,41627.72461184995,6.073745796940266,28.0,6.073527265220817,0.20987668600690818,0.41975337201381635,6.283403951227726,0.00021853183122198406,20155.728849505205,24248.83339034629,10821.684942586535
831,Navstar GPS IIF-9 ,NR (8/15),USA,DoD/US Air Force,Military/Commercial,Navigation/Global Positioning,,MEO,Non-Polar Inclined,71.0,20445,20469,0.00044699999999999997,55.0,729.14,1630.0,,1136.0,2015-03-25,12.0,Boeing Satellite Systems,USA,Cape Canaveral,Delta 4M,2015-013A,40534,,2015.0,3.0,25.0,(Navstar SVN 71 PRN 26 USA 260),1.239183768915974,26840,26816,53656,26828.0,24,53655.99463247327,26827.997316236633,0.00014367672452375108,43731.40693460699,43748.4,8624.80525654749,121.4761303739083,8624.80525654749,1.239183768915974,12.0,1.239606477235571,1.240029216254849,2.480058432509698,2.47963569349042,0.00042270829888920537,20453.100542266264,-21168.650712438346,16481.194030449253
832,Navstar GPS IIR-10 ,USA,USA,DoD/US Air Force,Military/Commercial,Navigation/Global Positioning,,MEO,Non-Polar Inclined,165.0,19963,20327,0.00686,55.1,716.47,2217.0,980.0,1136.0,2003-12-21,10.0,Lockheed Martin,USA,Cape Canaveral,Delta 2,2003-058A,28129,,2003.0,12.0,21.0,(Navstar SVN 47 PRN 22 USA 175),2.8797932657906435,26698,26334,53032,26516.0,364,53030.7507772613,26515.37538863065,0.00014622002356971423,42970.75840768083,42988.200000000004,19694.93093685371,119.36321779911341,19694.930936853714,2.879793265790644,182.0,2.881557076984066,2.8833150784272097,5.766630156854419,5.764872155411275,0.0017638481119858476,20320.784441312906,23056.343579943004,-13095.617471134741
833,Navstar GPS IIR-11 ,USA,USA,DoD/US Air Force,Military/Commercial,Navigation/Global Positioning,,MEO,Non-Polar Inclined,202.0,20089,20276,0.00352,55.0,717.98,2217.0,980.0,1136.0,2004-03-20,10.0,Lockheed Martin,USA,Cape Canaveral,Delta 2,2004-009A,28190,Precise position data (accurate to within 16 m) to military and civilian users worldwide; constellation of 28 operational satellites; 6 orbit planes; corporate vehicle fleet tracking surveying recreational use; nuclear detonation detection sensors.,2004.0,3.0,20.0,(Navstar SVN 59 PRN 19 USA 177),3.5255650890285457,26647,26460,53107,26553.5,187,53106.67076742808,26553.33538371404,0.0001459103856025722,43061.94710699759,43078.8,24162.536987815318,119.61651974165997,24162.536987815314,3.5255650890285457,93.5,3.5242507633675166,2.7602467297939706,5.520493459587941,6.284497493161487,0.0013143319090985646,20269.208261951913,19197.620628815715,-18344.905335082443
834,Navstar GPS IIR-12 ,USA,USA,DoD/US Air Force,Military/Commercial,Navigation/Global Positioning,,MEO,Non-Polar Inclined,10.0,20072,20292,0.00414,55.37,717.96,2217.0,980.0,1136.0,2004-06-23,10.0,Lockheed Martin,USA,Cape Canaveral,Delta 2,2004-023A,28361,,2004.0,6.0,23.0,(Navstar SVN 60 PRN 23 USA 178),0.17453292519943295,26663,26443,53106,26553.0,220,53105.54430565607,26552.772152828034,0.00014591450691859532,43060.73083387748,43077.600000000006,1196.1314120521522,119.61314120521523,1196.1314120521522,0.17453292519943295,110.0,0.1752547716982923,0.17597809542250628,0.35195619084501256,0.3512328671207986,0.0007218523720862644,20073.754462462788,24925.30488070698,9153.663070874321
835,Navstar GPS IIR-13 ,USA,USA,DoD/US Air Force,Military/Commercial,Navigation/Global Positioning,,MEO,Non-Polar Inclined,216.0,19938,20426,0.00919,54.8,718.0,2217.0,980.0,1136.0,2004-11-06,10.0,Lockheed Martin,USA,Cape Canaveral,Delta 2,2004-045A,28474,,2004.0,11.0,6.0,(Navstar SVN 61 PRN 02 USA 180),3.7699111843077517,26797,26309,53106,26553.0,488,53103.757795470556,26551.878897735278,0.00014591450691859532,43060.73083387748,43080.0,25836.43850032649,119.61314120521523,25836.43850032649,3.769911184307752,244.0,3.764549302711318,2.523977973162122,5.047955946324244,6.28852727587344,0.005361979183326364,20380.18422857153,8744.024127250355,-25070.914846391624
836,Navstar GPS IIR-2 ,USA,USA,DoD/US Air Force,Military/Commercial,Navigation/Global Positioning,,MEO,Non-Polar Inclined,355.0,20123,20247,0.00233,54.9,718.09,2217.0,980.0,1136.0,1997-07-23,10.0,Lockheed Martin,USA,Cape Canaveral,Delta 2,1997-035A,24876,,1997.0,7.0,23.0,(Navstar SVN 43 PRN 13 USA 132),6.19591884457987,26618,26494,53112,26556.0,124,53111.85524908728,26555.92762454364,0.00014588978193228258,43068.02864436415,43085.4,42469.8615798591,119.63341290101154,42469.8615798591,6.19591884457987,62.0,6.195715299243338,0.08767379004297937,0.17534758008595874,6.283389089286318,0.00020354588202612338,20123.36107383899,26148.789310808825,4632.692154104668
837,Navstar GPS IIR-3 ,USA,USA,DoD/US Air Force,Military/Commercial,Navigation/Global Positioning,,MEO,Non-Polar Inclined,346.0,20096,20268,0.00324,53.0,717.97,2217.0,980.0,1136.0,1999-10-07,10.0,Lockheed Martin,USA,Cape Canaveral,Delta 2,1999-055A,25933,,1999.0,10.0,7.0,(Navstar SVN 46 PRN 11 USA 145),6.03883921190038,26639,26467,53106,26553.0,172,53105.72146200445,26552.860731002223,0.00014591450691859532,43060.73083387748,43078.200000000004,41386.14685700447,119.61314120521523,41386.14685700447,6.03883921190038,86.0,6.038052913025138,0.24591993248526445,0.4918398649705289,6.2839728455104025,0.0007863025977884681,20098.540180767897,23405.552827226355,12539.547695441956
838,Navstar GPS IIR-4 ,USA,USA,DoD/US Air Force,Military/Commercial,Navigation/Global Positioning,,MEO,Non-Polar Inclined,81.0,20133,20234,0.0019,54.9,718.03,2217.0,980.0,1136.0,2000-05-11,10.0,Lockheed Martin,USA,Cape Canaveral,Delta 2,2000-025A,26360,,2000.0,5.0,11.0,(Navstar SVN 51 PRN 20 USA 150),1.413716694115407,26605,26504,53109,26554.5,101,53108.903961576914,26554.451980788457,0.00014590214355252948,43064.37968759135,43081.799999999996,9689.485429708053,119.62327690997596,9689.485429708053,1.4137166941154071,50.5,1.4155938599040472,1.4174712992331044,2.834942598466209,2.833065159137152,0.0018771636653668814,20175.700883392015,-25315.736664117278,8015.903880125024
839,Navstar GPS IIR-5 ,USA,USA,DoD/US Air Force,Military/Commercial,Navigation/Global Positioning,,MEO,Non-Polar Inclined,287.0,20184,20427,0.00455,55.0,722.98,2217.0,980.0,1136.0,2000-07-16,10.0,Lockheed Martin,USA,Cape Canaveral,Delta 2,2000-040A,26407,,2000.0,7.0,16.0,(Navstar SVN 44 PRN 28 USA 151),5.009094953223726,26798,26555,53353,26676.5,243,53352.446616814115,26676.223308407058,0.00014490240438179243,43361.49792673208,43378.8,34568.749736033635,120.44860535203355,34568.74973603363,5.009094953223725,121.5,5.004737970528109,1.282807152250479,2.565614304500958,6.287545122778588,0.00435695890817165,20270.518554815328,-22372.50923803422,14529.353166175591
840,Navstar GPS IIR-6 ,USA,USA,DoD/US Air Force,Military/Commercial,Navigation/Global Positioning,,MEO,Non-Polar Inclined,87.0,20177,20498,0.00601,55.0,724.28,2217.0,980.0,1136.0,2000-11-10,10.0,Lockheed Martin,USA,Cape Canaveral,Delta 2,2000-071A,26605,,2000.0,11.0,10.0,(Navstar SVN 41 PRN 14 USA 154),1.5184364492350666,26869,26548,53417,26708.5,321,53416.03549497098,26708.01774748549,0.0001446420665991494,43439.543245689056,43456.799999999996,10497.889617708188,120.66539790469182,10497.889617708188,1.5184364492350668,160.5,1.524440101122185,1.5304445171367183,3.0608890342734365,3.054884618258903,0.006003580010049281,20330.06165213909,-26621.569976431634,2153.0947088945554
841,Navstar GPS IIR-7 ,USA,USA,DoD/US Air Force,Military/Commercial,Navigation/Global Positioning,,MEO,Non-Polar Inclined,257.0,20104,20266,0.00305,55.0,718.09,2217.0,980.0,1136.0,2001-01-30,10.0,Lockheed Martin,USA,Cape Canaveral,Delta 2,2001-004A,26690,,2001.0,1.0,30.0,(Navstar SVN 54 PRN 18 USA 156),4.485496177625427,26637,26475,53112,26556.0,162,53111.7529366147,26555.87646830735,0.00014588978193228258,43068.02864436415,43085.4,30745.787115559964,119.63341290101154,30745.787115559964,4.485496177625427,81.0,4.482526386503646,1.8036276718911854,3.607255343782371,6.286154058394832,0.002969783101994807,20203.45438548302,-23728.42876066068,-11923.987661748764
842,Navstar GPS IIR-8 ,USA,USA,DoD/US Air Force,Military/Commercial,Navigation/Global Positioning,,MEO,Non-Polar Inclined,151.0,20155,20344,0.00355,55.0,720.71,2217.0,980.0,1136.0,2003-01-29,10.0,Lockheed Martin,USA,Cape Canaveral,Delta 2,2003-005A,27663,,2003.0,1.0,29.0,(Navstar SVN 56 PRN 16 USA 166),2.6354471705114375,26715,26526,53241,26620.5,189,53240.66453379409,26620.332266897047,0.0001453598789222313,43225.031238097974,43242.600000000006,18130.49921375776,120.06953121693881,18130.49921375776,2.6354471705114375,94.5,2.637162917440739,2.6388760048092874,5.277752009618575,5.276038922250026,0.001715753526494802,20332.232476109533,14261.197911631292,-22478.05345427984
843,Navstar GPS IIR-9 ,USA,USA,DoD/US Air Force,Military/Commercial,Navigation/Global Positioning,,MEO,Non-Polar Inclined,140.0,20063,20433,0.00695,54.9,720.65,2217.0,980.0,1136.0,2003-03-31,10.0,Lockheed Martin,USA,Cape Canaveral,Delta 2,2003-010A,27704,,2003.0,3.0,31.0,(Navstar SVN 45 PRN 21 USA 168),2.443460952792061,26804,26434,53238,26619.0,370,53236.71424872125,26618.357124360624,0.00014537216579758516,43221.37785254045,43239.0,16808.313609321285,120.05938292372346,16808.313609321285,2.4434609527920608,185.0,2.447904668298567,2.4523365444725638,4.9046730889451275,4.900241212771131,0.004443749550471489,20390.24682481897,5086.928290469142,-26127.788778539238
844,Navstar GPS IIR-M-1 ,USA,USA,DoD/US Air Force,Military/Commercial,Navigation/Global Positioning,,MEO,Non-Polar Inclined,320.0,20142,20221,0.00149,55.08,717.95,2217.0,980.0,1136.0,2005-09-26,10.0,Lockheed Martin,USA,Cape Canaveral,Delta 2,2005-038A,28874,Two more military and one civilian channels that earlier versions.,2005.0,9.0,26.0,(Navstar SVN 53 PRN 17 USA 183),5.585053606381854,26592,26513,53105,26552.5,79,53104.94123902219,26552.470619511096,0.0001459186284286367,43059.51457220869,43077.0,38275.1240641855,119.6097627005797,38275.124064185504,5.585053606381855,39.5,5.584094758408381,0.700049943852159,1.400099887704318,6.28414470226054,0.0009588483035507256,20151.2172094891,4510.438862298933,26166.575669947084
845,Navstar GPS IIR-M-2 ,USA,USA,DoD/US Air Force,Military/Commercial,Navigation/Global Positioning,,MEO,Non-Polar Inclined,242.0,20020,20342,0.00606,54.94,717.93,2060.0,,,2006-09-25,10.0,Lockheed Martin Missiles and Space,USA,Cape Canaveral,Delta 2,2006-042A,29486,,2006.0,9.0,25.0,(Navstar SVN 52 PRN 31 USA 190),4.223696789826278,26713,26391,53104,26552.0,322,53103.023755714705,26551.511877857352,0.00014592275013270908,43058.29832199132,43075.799999999996,28944.744983116387,119.60638422775368,28944.74498311639,4.223696789826278,161.0,4.2183613068501895,2.0701517887972583,4.1403035775945165,6.288513095647447,0.005335454230164414,20257.297315607295,-14374.896384545867,-22323.815407850354
846,Navstar GPS IIR-M-3 ,USA,USA,DoD/US Air Force,Military/Commercial,Navigation/Global Positioning,,MEO,Non-Polar Inclined,261.0,20206,20366,0.003,55.02,722.19,2060.0,,,2006-11-17,10.0,Lockheed Martin Missiles and Space,USA,Cape Canaveral,Delta 2,2006-052A,29601,,2006.0,11.0,17.0,(Navstar SVN 58 PRN 12 USA 192),4.5553093477052,26737,26577,53314,26657.0,160,53313.759912427864,26656.879956213932,0.00014506143091689826,43313.9620053731,43331.4,31402.622453895496,120.31656112603638,31402.622453895496,4.555309347705199,80.0,4.552347672607592,1.7337985933916187,3.4675971867832374,6.286146265999211,0.002961666772505743,20298.74409752082,-25252.96226993579,-8537.147601246292
847,Navstar GPS IIR-M-4 ,USA,USA,DoD/US Air Force,Military/Commercial,Navigation/Global Positioning,,MEO,Non-Polar Inclined,191.0,20149,20213,0.00121,54.8,717.93,2217.0,980.0,1136.0,2007-10-17,10.0,Lockheed Martin Missiles and Space,USA,Cape Canaveral,Delta 2,2007-047A,32260,,2007.0,10.0,17.0,(Navstar SVN 55 PRN 15 USA 196),3.3335788713091694,26584,26520,53104,26552.0,64,53103.961434152916,26551.980717076458,0.00014592275013270908,43058.29832199132,43075.799999999996,22844.81938750095,119.60638422775368,22844.819387500953,3.33357887130917,32.0,3.333348266330185,2.9500675090279893,5.900135018055979,6.283415775358174,0.0002306051375755528,20212.539052457865,24627.747416270842,-9923.840897438171
848,Navstar GPS IIR-M-5 ,USA,USA,DoD/US Air Force,Military/Commercial,Navigation/Global Positioning,,MEO,Non-Polar Inclined,40.0,20150,20311,0.00303,54.96,719.92,2060.0,,,2007-12-20,10.0,Lockheed Martin Missiles and Space,USA,Cape Canaveral,Delta 2,2007-062A,32384,,2007.0,12.0,20.0,(Navstar SVN 57 PRN 29 USA 199),0.6981317007977318,26682,26521,53203,26601.5,161,53202.75639475835,26601.378197379174,0.00014551564067241413,43178.76262747823,43195.2,4797.640291942026,119.94100729855064,4797.640291942026,0.6981317007977319,80.5,0.7000838784833323,0.7020383208418406,1.4040766416836812,1.402122199325173,0.0019521804529748414,20168.85612883769,4414.476794620782,26232.5350488389
849,Navstar GPS IIR-M-6 ,USA,USA,DoD/US Air Force,Military/Commercial,Navigation/Global Positioning,,MEO,Non-Polar Inclined,54.0,20135,20152,0.000321,55.1,716.4,2217.0,980.0,1136.0,2008-03-15,10.0,Lockheed Martin,USA,Cape Canaveral,Delta 2,2008-012A,32711,,2008.0,3.0,15.0,(Navstar SVN 48 PRN 07 USA 201),0.9424777960769379,26523,26506,53029,26514.5,17,53028.99727507583,26514.498637537916,0.00014623243186351694,42967.1122001436,42984.0,6445.06683002154,119.35308944484333,6445.06683002154,0.942477796076938,8.5,0.9427375395402865,0.9429973074977309,1.8859946149954618,1.8857348470380173,0.00025974346212827976,20138.499057581073,-8219.62748868055,25208.25993381487
850,Navstar GPS IIR-M-8 ,USA,USA,DoD/US Air Force,Military/Commercial,Navigation/Global Positioning,,MEO,Non-Polar Inclined,149.0,20160,20209,0.000923,55.12,718.07,2059.0,980.0,1136.0,2009-08-17,10.0,Lockheed Martin Missiles and Space,USA,Cape Canaveral,Delta 2,2009-043A,35752,,2009.0,8.0,17.0,(Navstar SVN 50 PRN 05 USA 206),2.600540585471551,26580,26531,53111,26555.5,49,53110.97739639142,26555.48869819571,0.0001458939022784063,43066.812313989074,43084.200000000004,17824.875096623255,119.6300342055252,17824.875096623255,2.6005405854715513,24.5,2.6010155898076888,2.6014904062996322,5.2029808125992645,5.2025059961073215,0.00047500444913202476,20205.515787336317,12511.570680232127,-23423.379610067226
880,O3b FM02,United Kingdom,United Kingdom,O3b Networks Ltd.,Commercial,Communications,,MEO,Equatorial,322.0,8063,8069,0.00020800000000000001,0.03,287.93,700.0,,1500.0,2013-06-25,,Thales Alenia Space,France,Guiana Space Center,Soyuz-ST,2013-031C,39190,First of a new constellation in MEO. Provide links between ground stations lying in the range 45 latitude.,2013.0,6.0,25.0,,5.619960191421741,14440,14434,28874,14437.0,6,28873.99937660178,14436.99968830089,0.0003639598106197862,17263.40415574996,17275.8,15441.155939309687,47.953900432638775,15441.155939309685,5.61996019142174,3.0,5.619832112841994,0.6634812834137467,1.3269625668274934,6.283313396255741,0.000128078580765615,8063.633922466946,3485.449073986939,14009.946655045364
881,O3b FM03,United Kingdom,United Kingdom,O3b Networks Ltd.,Commercial,Communications,,MEO,Equatorial,105.0,8060,8071,0.000381,0.09,287.92,650.0,,1500.0,2014-07-10,,Thales Alenia Space,France,Guiana Space Center,Soyuz-ST-B,2014-038A,40079,,2014.0,7.0,10.0,,1.8325957145940461,14442,14431,28873,14436.5,11,28872.997904616695,14436.498952308348,0.00036397871909632073,17262.50733224007,17275.2,5034.897971903354,47.95140925622242,5034.897971903354,1.832595714594046,5.5,1.8329636960471904,1.8333316593172668,3.6666633186345337,3.6662953553644573,0.0003679814383272605,8066.925539023958,-12491.737736636596,-7236.643764066116
882,O3b FM04,United Kingdom,United Kingdom,O3b Networks Ltd.,Commercial,Communications,,MEO,Equatorial,166.0,8062,8069,0.000242,0.04,287.93,700.0,,1500.0,2013-06-25,,Thales Alenia Space,France,Guiana Space Center,Soyuz-ST,2013-031B,39189,First of a new constellation in MEO. Provide links between ground stations lying in the range 45 latitude.,2013.0,6.0,25.0,,2.897246558310587,14440,14433,28873,14436.5,7,28872.999151456366,14436.499575728183,0.00036397871909632073,17262.50733224007,17275.8,7959.9339365329215,47.95140925622242,7959.9339365329215,2.8972465583105866,3.5,2.897305089665483,2.8973636141499055,5.794727228299811,5.794668703815388,5.853135644282697e-05,8068.8899066331705,12748.25927302128,-6774.54168636231
883,O3b FM05 ,United Kingdom,United Kingdom,O3b Networks Ltd.,Commercial,Communications,,MEO,Equatorial,143.0,8064,8068,0.000139,0.03,287.94,700.0,,1500.0,2013-06-25,,Thales Alenia Space,France,Guiana Space Center,Soyuz-ST,2013-031A,39188,First of a new constellation in MEO. Provide links between ground stations lying in the range 45 latitude.,2013.0,6.0,25.0,(Other 3 Billion),2.4958208303518914,14439,14435,28874,14437.0,4,28873.999722934128,14436.999861467064,0.0003639598106197862,17263.40415574996,17276.4,6857.4077618673455,47.953900432638775,6857.407761867345,2.495820830351891,2.0,2.495904473354871,2.4959881117152602,4.9919762234305205,4.991892585070131,8.36430033006408e-05,8067.602757228389,3984.019256030612,-13876.402843395355
884,O3b FM06,United Kingdom,United Kingdom,O3b Networks Ltd.,Commercial,Communications,,MEO,Equatorial,11.0,7831,7845,0.000493,0.12,281.15,650.0,,1500.0,2014-07-10,,Thales Alenia Space,France,Guiana Space Center,Soyuz-ST-B,2014-038B,40080,,2014.0,7.0,10.0,,0.19198621771937624,14216,14202,28418,14209.0,14,28417.996551481247,14208.998275740623,0.00037275509962712096,16856.068001389816,16869.0,515.0465222646887,46.822411114971715,515.0465222646889,0.19198621771937627,7.0,0.19208033210001746,0.192174469263949,0.384348938527898,0.38425480136396645,9.41143913838477e-05,7831.1237910857435,13172.35041079658,5327.744247445798
885,O3B FM07,United Kingdom,United Kingdom,O3b Networks Ltd.,Commercial,Communications,,MEO,Equatorial,229.0,7827,7844,0.000598,0.12,281.08,650.0,,1500.0,2014-07-10,,Thales Alenia Space,France,Guiana Space Center,Soyuz-ST-B,2014-038C,40081,,2014.0,7.0,10.0,,3.9968039870670147,14215,14198,28413,14206.5,17,28412.994914299336,14206.497457149668,0.0003728534977630396,16851.619590203638,16864.8,10719.502461546204,46.81005441723233,10719.502461546204,3.996803987067015,8.5,3.996352847730515,2.2872835102475477,4.5745670204950954,6.283636357978063,0.0004511393406371301,7841.076432921183,-1951.774993276135,-14071.785449591514
886,O3B FM08,United Kingdom,United Kingdom,O3b Networks Ltd.,Commercial,Communications,,MEO,Equatorial,39.0,7815,7842,0.000951,0.12,280.87,650.0,,1500.0,2014-07-10,,Thales Alenia Space,France,Guiana Space Center,Soyuz-ST-B,2014-038D,40082,,2014.0,7.0,10.0,,0.6806784082777885,14213,14186,28399,14199.5,27,28398.98716503812,14199.49358251906,0.0003731292429781206,16839.166121182352,16852.2,1824.2429964614214,46.77546144772876,1824.2429964614216,0.6806784082777886,13.5,0.6812773346156556,0.6818764822610535,1.363752964522107,1.363153816876709,0.0005989264297194095,7818.010726699471,2918.953015665619,13896.23470562592
887,O3B FM09,United Kingdom,United Kingdom,O3b Networks Ltd.,Commercial,Communications,,MEO,Equatorial,349.0,8063,8068,0.000173,0.04,287.93,650.0,,1500.0,2014-12-18,,Thales Alenia Space,France,Guiana Space Center,Soyuz-ST-B,2014-083D,40351,,2014.0,12.0,18.0,,6.09119908946021,14439,14434,28873,14436.5,5,28872.99956706958,14436.49978353479,0.00036397871909632073,17262.50733224007,17275.8,16735.041830421625,47.95140925622242,16735.041830421625,6.0911990894602095,2.5,6.091166073897257,0.19205225164910544,0.3841045032982109,6.283218325546362,3.3015563416730366e-05,8063.04838761059,13384.575375671098,5409.775724125936
888,O3B FM10,United Kingdom,United Kingdom,O3b Networks Ltd.,Commercial,Communications,,MEO,Equatorial,56.0,8063,8069,0.00020800000000000001,0.04,287.93,650.0,,1500.0,2014-12-18,,Thales Alenia Space,France,Guiana Space Center,Soyuz-ST-B,2014-083A,40348,,2014.0,12.0,18.0,,0.9773843811168246,14440,14434,28874,14437.0,6,28873.99937660178,14436.99968830089,0.0003639598106197862,17263.40415574996,17275.8,2685.4184242277715,47.953900432638775,2685.4184242277715,0.9773843811168245,3.0,0.9775568409910902,0.9777293108918347,1.9554586217836694,1.955286151882925,0.0001724598737220901,8064.3212312331125,-5417.428391270278,13382.018939335934
889,O3B FM11,United Kingdom,United Kingdom,O3b Networks Ltd.,Commercial,Communications,,MEO,Equatorial,19.0,8063,8069,0.00020800000000000001,0.04,287.93,650.0,,1500.0,2014-12-18,,Thales Alenia Space,France,Guiana Space Center,Soyuz-ST-B,2014-083B,40349,,2014.0,12.0,18.0,,0.33161255787892263,14440,14434,28874,14437.0,6,28873.99937660178,14436.99968830089,0.0003639598106197862,17263.40415574996,17275.8,911.1241082201368,47.953900432638775,911.1241082201367,0.3316125578789225,3.0,0.3316802893756584,0.3317480275337496,0.6634960550674992,0.663428316909408,6.77314979421116e-05,8063.160772275434,11374.102641140984,8891.386545138617
890,O3B FM12,United Kingdom,United Kingdom,O3b Networks Ltd.,Commercial,Communications,,MEO,Equatorial,75.0,8063,8069,0.00020800000000000001,0.04,287.93,650.0,,1500.0,2014-12-18,,Thales Alenia Space,France,Guiana Space Center,Soyuz-ST-B,2014-083C,40350,,2014.0,12.0,18.0,,1.3089969389957472,14440,14434,28874,14437.0,6,28873.99937660178,14436.99968830089,0.0003639598106197862,17263.40415574996,17275.8,3596.5425324479083,47.953900432638775,3596.5425324479083,1.308996938995747,3.0,1.3091978623841973,1.3093987911744702,2.6187975823489404,2.6185966535586678,0.00020092338603751788,8065.223376133739,-12508.606255679326,7208.448952211662
891,O3b PFM,United Kingdom,United Kingdom,O3b Networks Ltd.,Commercial,Communications,,MEO,Equatorial,7.0,8063,8069,0.00020800000000000001,0.03,287.93,700.0,,1500.0,2013-06-25,,Thales Alenia Space,France,Guiana Space Center,Soyuz-ST,2013-031D,39191,First of a new constellation in MEO. Provide links between ground stations lying in the range 45 latitude.,2013.0,6.0,25.0,,0.12217304763960307,14440,14434,28874,14437.0,6,28873.99937660178,14436.99968830089,0.0003639598106197862,17263.40415574996,17275.8,335.67730302847144,47.953900432638775,335.67730302847144,0.12217304763960306,3.0,0.1221984016973664,0.12222375837282386,0.2444475167456477,0.24442216007019024,2.5354058298220816e-05,8063.019496410974,14007.8051009091,3494.0470414378487
985,Radio-ROSTO ,Russia,Russia,RS3A Control Station,Civil,Communications,Amateur Radio,MEO,Non-Polar Inclined,137.0,1885,2165,0.0167,64.59,127.45,,,,1994-12-26,,Nilakt Posto and radio amateurs,Russia,Baikonur Cosmodrome,Rokot,1994-085A,23439,Amateur radio designed by group of radio amateurs from the town of Kaluga.,1994.0,12.0,26.0,(RS-15 Radio Sputnik 15 Russian Defence Sports and Technical Organization - ROSTO),2.3911010752322315,8536,8256,16792,8396.0,280,16789.6653927349,8394.83269636745,0.0008206542448328316,7656.312444298,7647.0,2913.652235746739,21.267534567494444,2913.652235746739,2.3911010752322315,140.0,2.402353021003696,2.4135359072908273,4.827071814581655,4.815888928294523,0.011252322024154235,2128.614898006608,960.7678124463235,-8339.68811554755
1028,Rumba ,ESA,ESA,European Space Agency (and 250 international scientific investigators),Government,Space Science,,Elliptical,Deep Highly Eccentric,104.0,17240,120715,0.687,90.8,3431.1,1200.0,478.0,224.0,2000-08-09,4.0,Dornier Systems (Astrium) and 35 subcontractors,International,Baikonur Cosmodrome,Soyuz,2000-045A,26463,Collection of four spacecraft flying in formation around the earth relaying detailed information about solar wind's affect on our planet in three dimensions.,2000.0,8.0,9.0,(part of Cluster quartet Cluster 2 FM5),1.8151424220741028,127086,23611,150697,75348.5,103475,109555.96827192939,54777.984135964696,3.0525089681646945e-05,205836.75175759828,205866.0,59463.95050775061,571.7687548822174,59463.95050775061,1.8151424220741028,51737.5,2.3867364610966826,2.8033360524296707,5.606672104859341,5.190072513526353,0.5748200029466011,106681.15464706892,58753.78114085435,-34295.28902131908
1029,Salsa ,ESA,ESA,European Space Agency (and 250 international scientific investigators),Government,Space Science,,Elliptical,Deep Highly Eccentric,30.0,21998,110256,0.609,90.7,3418.0,1200.0,478.0,220.0,2000-07-16,4.0,Dornier Systems (Astrium) and 35 subcontractors,International,Baikonur Cosmodrome,Soyuz,2000-041A,26410,Collection of four spacecraft flying in formation around the earth relaying detailed information about solar wind's affect on our planet in three dimensions.,2000.0,7.0,16.0,(part of Cluster quartet Cluster 2 FM6),0.5235987755982988,116627,28369,144996,72498.0,88258,115040.71215009059,57520.356075045296,3.2342964665047587e-05,194267.45112113058,205080.0,16188.954260094215,539.6318086698071,16188.954260094213,0.5235987755982987,44129.0,1.1679197707374351,1.859779128792143,3.719558257584286,3.027698899529578,0.614963104293848,48816.774150969795,-60722.571500582766,-31424.584641651207
1030,Samba ,ESA,ESA,European Space Agency (and 250 international scientific investigators),Government,Space Science,,Elliptical,Deep Highly Eccentric,326.0,22017,110791,0.61,132.98,3430.28,1200.0,478.0,220.0,2000-07-16,4.0,Dornier Systems (Astrium) and 35 subcontractors,International,Baikonur Cosmodrome,Soyuz,2000-041B,26411,Collection of four spacecraft flying in formation around the earth relaying detailed information about solar wind's affect on our planet in three dimensions.,2000.0,7.0,16.0,(part of Cluster quartet Cluster 2 FM7),5.689773361501515,117162,28388,145550,72775.0,88774,115342.87764747332,57671.43882373666,3.2158482272563904e-05,195381.8981233484,205816.80000000002,176929.16330058774,542.7274947870789,176929.1633005877,5.689773361501514,44387.0,4.99967304448433,1.976764443977904,3.953528887955808,6.976437488462233,0.6359467735755202,53825.37445182343,-50076.09555092893,-41847.59825353937
1067,SDS III-4  ,USA,USA,National Reconnaissance Office (NRO)/US Air Force,Military,Communications,Data Relay,Elliptical,Molniya,149.0,500,39850,0.741,63.4,717.7,,,,2004-08-31,10.0,Hughes,USA,Cape Canaveral,Atlas 2AS,2004-034A,28384,Real-time data relay from reconnaissance satellites.,2004.0,8.0,31.0,(Satellite Data System) (NRO L-1 Nemesis USA 179),2.600540585471551,46221,6871,53092,26546.0,39350,35641.80079625607,17820.900398128037,0.0001459722257206541,43043.70421263336,43062.0,17815.310910228807,119.56584503509268,17815.31091022881,2.6005405854715518,19675.0,2.833938532555807,3.022127605592214,6.044255211184428,5.856066138148021,0.32249741297392576,38921.984703132715,25791.874273042587,-4217.552245132513
1068,SDS III-5  ,USA,USA,National Reconnaissance Office (NRO)/US Air Force,Military,Communications,Data Relay,Elliptical,Molniya,17.0,400,39966,0.745,60.0,718.0,,,,2007-12-10,10.0,National Reconnaissance Laboratory,USA,Cape Canaveral,Atlas 5,2007-060A,32378,Real-time data relay from reconnaissance satellites.,2007.0,12.0,10.0,(Satellite Data System) (NRO L-24 Scorpius USA 198),0.29670597283903605,46337,6771,53108,26554.0,39566,35425.85648929324,17712.92824464662,0.0001459062644805545,43063.163391568916,43080.0,2033.5382712685323,119.61989830991365,2033.538271268532,0.296705972839036,19783.0,1.0541905156400526,1.9793111456309056,3.958622291261811,3.033501661270958,0.7707309515660101,10411.68176567556,-18173.291063916695,-12914.782278412935
1118,Sirius 1 ,USA,USA,Sirius XM Holdings,Commercial,Communications,,Elliptical,Molniya,83.0,23783,47100,0.27899999999999997,63.3,1418.5,3727.0,1570.0,,2000-06-30,15.0,Space Systems/Loral,USA,Baikonur Cosmodrome,Proton K,2000-035A,26390,Relay music news entertainment directly to motorists in the USA; a fourth satellite is stored on the ground for rapid replacement if necessary.,2000.0,6.0,30.0,(SD Radio 1),1.4486232791552935,53471,30154,83625,41812.5,23317,80308.51845227877,40154.25922613939,7.384305612363461e-05,85088.3703494032,85110.0,19617.596497223516,236.35658430389776,19617.596497223516,1.4486232791552938,11658.5,1.7352907944017932,2.0080015578904025,4.016003115780805,3.7432923522921957,0.2791322144703173,37351.7988331252,-26820.59645876106,-30804.961432516393
1119,Sirius 2 ,USA,USA,Sirius XM Holdings,Commercial,Communications,,Elliptical,Molniya,1.0,12849,47048,0.47100000000000003,63.3,1148.43,3792.0,1570.0,,2000-09-05,15.0,Space Systems/Loral,USA,Baikonur Cosmodrome,Proton K,2000-051A,26483,Relay music news entertainment directly to motorists in the USA.,2000.0,9.0,5.0,(SD Radio 2),0.017453292519943295,53419,19220,72639,36319.5,34199,64084.73078667024,32042.36539333512,9.121349010409776e-05,68884.38650915424,68905.8,191.345518080984,191.345518080984,191.345518080984,0.017453292519943292,17099.5,0.03299009571531409,0.055003706310818606,0.11000741262163721,0.08799380202613269,0.017609484247333728,12851.323546297852,36099.95894393464,3517.792509983494
1120,Sirius 3 ,USA,USA,Sirius XM Holdings,Commercial,Communications,,Elliptical,Molniya,315.0,6179,47086,0.62,63.4,994.83,3727.0,1570.0,,2000-11-30,15.0,Space Systems/Loral,USA,Baikonur Cosmodrome,Proton K,2000-077A,26626,Relay music news entertainment directly to motorists in the USA.,2000.0,11.0,30.0,(SD Radio 3),5.497787143782138,53457,12550,66007,33003.5,40907,51802.90918471664,25901.45459235832,0.00010530012012785439,59669.30806489682,59689.8,52210.64455678472,165.7480779580467,52210.64455678471,5.497787143782137,20453.5,4.717140691274512,2.2358053264804907,4.471610652960981,6.952946017755003,0.6687372114356055,26535.270049871135,-7869.967525060379,-25154.266788985635
1136,SLDCOM-3 ,USA,USA,National Reconnaissance Office (NRO),Military,Communications,,Elliptical,Molniya,300.0,1200,11600,0.40700000000000003,63.4,240.0,,,,1996-05-12,,National Reconnaissance Laboratory,USA,Vandenberg AFB,Titan IV,1996-029A,23893,Provides tactical intelligence focused support to broad community of users consisting of uniformed military services and government agencies for both exercises and operations.,1996.0,5.0,12.0,(Satellite Launch Dispenser Communications System) (USA 119),5.235987755982989,17971,7571,25542,12771.0,10400,23328.81831555126,11664.40915777563,0.00043745310931987414,14363.105835384977,14400.0,11969.254862820815,39.89751620940271,11969.254862820813,5.235987755982989,5200.0,4.79346127846853,1.9146613189219162,3.8293226378438323,6.708122597390446,0.4179455699234265,5979.064121510091,-9868.010913507047,-7404.389670487455
1156,SPIRALE-A ,France,France,Ministry of Defense/General Delegation for Ordnance (DGA),Military,Technology Development,Infrared Imaging,Elliptical,,321.0,240,31342,0.7020000000000001,2.0,547.0,117.0,,,2009-02-11,,EADS Astrium,France,Guiana Space Center,Ariane 5 ECA,2009-008C,33751,Demonstration program designed to collect infrared images of terrestrial backgrounds and analyze them to assess the detectability of ballistic missiles during their powered phase. It will pave the way for a future ballistic missile warning system.,2009.0,2.0,11.0,(Systme Prparatoire Infra-Rouge pour l'Alerte),5.602506898901797,37713,6611,44324,22162.0,31102,31579.781063205617,15789.890531602809,0.00019136188454053045,32834.048025111326,32820.0,29277.026155724267,91.20568895864257,29277.026155724263,5.6025068989017965,15551.0,4.630366510852546,2.405793759086477,4.811587518172954,7.036160269939023,0.7765183226566976,17065.652576563443,2194.8342015334774,-15712.265194123049
1157,SPIRALE-B ,France,France,Ministry of Defense/General Delegation for Ordnance (DGA),Military,Technology Development,Infrared Imaging,Elliptical,,191.0,389,17480,0.5579999999999999,2.1,314.0,117.0,,,2009-02-11,,EADS Astrium,France,Guiana Space Center,Ariane 5 ECA,2009-008D,33752,Demonstration program designed to collect infrared images of terrestrial backgrounds and analyze them to assess the detectability of ballistic missiles during their powered phase. It will pave the way for a future ballistic missile warning system.,2009.0,2.0,11.0,(Systme Prparatoire Infra-Rouge pour l'Alerte),3.3335788713091694,23851,6760,30611,15305.5,17091,25395.492513436315,12697.746256718157,0.0003334245567883426,18844.398768049177,18840.0,9998.000457492757,52.34555213346994,9998.000457492759,3.33357887130917,8545.5,3.2647876846325246,3.0759155168421066,6.151831033684213,6.340703201474631,0.08244189049622636,17410.24151040061,15173.649613074287,-1663.1110521593992
1197,TacSat 4,USA,USA,Naval Research Laboratory,Military,Technology Development,,Elliptical,Molniya,244.0,658,11836,0.44299999999999995,63.64,235.16,450.0,,1000.0,2011-09-27,,Naval Research Laboratory/Johns Hopkins University Applied Physics Laboratory,USA,Kodiak Launch Complex,Minotaur 4,2011-052A,37818,10 Ultra High Frequency (UHF) channels; allows forward deployed troops to communicate using existing hand-held radios without the need to stop and point an antenna towards the satellite,2011.0,9.0,27.0,,4.258603374866164,18207,7029,25236,12618.0,11178,22625.384239831154,11312.692119915577,0.0004454337095400476,14105.769663610705,14109.6,9560.577216447255,39.182693510029736,9560.577216447256,4.258603374866164,5589.0,3.925186618906819,2.6390615852392374,5.278123170478475,6.564248204146057,0.3355814056579039,10206.6918777477,6763.699222648747,-9550.121244654492
1200,Tango ,ESA,ESA,European Space Agency (and 250 international scientific investigators),Government,Space Science,,Elliptical,Deep Highly Eccentric,239.0,17313,120961,0.6859999999999999,90.7,3442.0,1200.0,478.0,220.0,2000-08-09,4.0,Dornier Systems (Astrium) and 35 subcontractors,International,Baikonur Cosmodrome,Soyuz,2000-045B,26464,Collection of four spacecraft flying in formation around the earth relaying detailed information about solar wind's affect on our planet in three dimensions.,2000.0,8.0,9.0,(part of Cluster quartet Cluster 2 FM8),4.171336912266447,127332,23684,151016,75508.0,103648,109831.34503410217,54915.67251705108,3.0428420856613e-05,206490.67977558429,206520.0,137086.867962124,573.5852215988452,137086.867962124,4.1713369122664465,51824.0,3.736836236587335,2.878379186281198,5.756758372562396,6.615215422868532,0.48630492772425454,112026.76673841916,65284.81049806987,-27592.228894643536
1226,THEMIS A  ,USA,Multinational,NASA/University of California Berkeley (in partnership with Germany France Austria Canada),Government/Civil,Space Science,,Elliptical,,67.0,461,87304,0.8640000000000001,15.7,1868.98,126.0,77.0,40.0,2007-02-17,2.0,Swales Aerospace,USA,Cape Canaveral,Delta 2,2007-004A,30580,Five phase mission to study earth's auroras; mission extended to 2012. Themis B and C retasked as Artemis mission to L1 and L2.,2007.0,2.0,17.0,(Time History of Events and Macroscale Interactions during Substorms),1.1693705988362009,93675,6832,100507,50253.5,86843,50595.952407282544,25297.976203641272,5.6042744277410194e-05,112114.16193464716,112138.8,20865.691248948224,311.4282275962421,20865.69124894822,1.1693705988362009,43421.5,2.370014050008808,2.923057985203275,5.84611597040655,5.293072035212083,0.874630395566636,75005.72767216444,45529.47306168565,-10708.282122338704
1227,THEMIS D  ,USA,Multinational,NASA/University of California Berkeley (in partnership with Germany France Austria Canada),Government/Civil,Space Science,,Elliptical,,32.0,467,87260,0.8640000000000001,15.7,1867.91,126.0,77.0,40.0,2007-02-17,2.0,Swales Aerospace,USA,Cape Canaveral,Delta 2,2007-004D,30797,Five phase mission to study earth's auroras; mission extended to 2012. Themis B and C retasked as Artemis mission to L1 and L2.,2007.0,2.0,17.0,(Time History of Events and Macroscale Interactions during Substorms),0.5585053606381855,93631,6838,100469,50234.5,86793,50606.27542113725,25303.137710568626,5.607454252820991e-05,112050.58523693972,112074.6,9960.052021061309,311.2516256581659,9960.052021061309,0.5585053606381855,43396.5,2.2714625756330324,2.8918202170413427,5.7836404340826855,5.163282792674375,0.9194420597602307,71846.33843196009,44095.87777982342,-12120.862806699253
1228,THEMIS E  ,USA,Multinational,NASA/University of California Berkeley (in partnership with Germany France Austria Canada),Government/Civil,Space Science,,Elliptical,,234.0,474,87526,0.8640000000000001,15.7,1875.53,126.0,77.0,40.0,2007-02-17,2.0,Swales Aerospace,USA,Cape Canaveral,Delta 2,2007-004E,30798,Five phase mission to study earth's auroras; mission extended to 2012. Themis B and C retasked as Artemis mission to L1 and L2.,2007.0,2.0,17.0,(Time History of Events and Macroscale Interactions during Substorms),4.084070449666731,93897,6845,100742,50371.0,87052,50704.04185072429,25352.020925362143,5.584676303566616e-05,112507.60054198436,112531.8,73129.94035228984,312.5211126166232,73129.94035228984,4.084070449666731,43526.0,3.6205015766953803,3.00989303127825,6.0197860625565,6.6303946079736304,0.6690808908753629,82624.40582552325,48633.730246100364,-6600.75500198022
1254,Trumpet 3 ,USA,USA,National Reconnaissance Office (NRO)/USAF,Military,Earth Observation,Electronic Intelligence,Elliptical,,37.0,1210,38740,0.7120000000000001,64.7,709.61,8000.0,,,1997-11-08,,Boeing Satellite Systems,USA,Cape Canaveral,Titan IVA,1997-068A,25034,Signals intelligence; surveillance of cellular phones.,1997.0,11.0,8.0,(NROL-4 National Reconnaissance Office Launch-4 USA 136),0.6457718232379019,45111,7581,52692,26346.0,37530,36985.753527540845,18492.876763770422,0.00014763755144842384,42558.17876642701,42576.6,4374.035039882776,118.21716324007502,4374.035039882776,0.6457718232379019,18765.0,1.6390972509733295,2.4099689774007826,4.819937954801565,4.049066228374112,0.7911753193897533,21255.21686358728,2828.0260538533657,-18386.02827835777
1274,Van Allen Probe A ,USA,USA,NASA/Johns Hopkins University Applied Physics Laboratory,Government,Earth Observation,Earth Science,Elliptical,,50.0,591,30534,0.6829999999999999,10.03,539.06,648.0,,,2012-08-30,,Johns Hopkins University Applied Physics Laboratory,USA,Cape Canaveral,Atlas 5,2012-046A,38752,Study the Earth's radiation belts on various scales of space and time.,2012.0,8.0,30.0,(RBSP-A Radiation Belt Storm Probes),0.8726646259971648,36905,6962,43867,21933.5,29943,32058.235135453106,16029.117567726553,0.0001943600296325065,32327.558907352264,32343.6,4489.938737132259,89.79877474264518,4489.938737132259,0.8726646259971647,14971.5,1.8053396357652147,2.4816100959034655,4.963220191806931,4.28694973166868,0.738027265372066,19043.969271117447,5444.097470088874,-15527.509447763683
1275,Van Allen Probe B ,USA,USA,NASA/Johns Hopkins University Applied Physics Laboratory,Government,Earth Observation,Earth Science,Elliptical,,189.0,595,30657,0.6829999999999999,10.04,541.4,666.0,,,2012-08-30,,Johns Hopkins University Applied Physics Laboratory,USA,Cape Canaveral,Atlas 5,2012-046B,38753,Study the Earth's radiation belts on various scales of space and time.,2012.0,8.0,30.0,(RBSP-B Radiation Belt Storm Probes),3.2986722862692828,37028,6966,43994,21997.0,30062,32120.837348985784,16060.418674492892,0.00019351903195543414,32468.048458544137,32484.0,17045.725440735674,90.18902349595594,17045.72544073567,3.2986722862692828,15031.0,3.234868807745134,3.101087166449758,6.202174332899516,6.335955974194892,0.08687507564700103,30584.64087371224,21924.858753539953,-1299.647525304941
1309,XMM Newton ,ESA,ESA,European Space Operations Centre (ESOC),Government,Space Science,,Elliptical,Deep Highly Eccentric,359.0,7079,114027,0.799,38.4,2872.15,3764.0,3233.0,,1999-12-10,10.0,Dornier Systems (and 46 subcontractors),International,Guiana Space Center,Ariane 5,1999-066A,25989,Detect and study celestial x-ray sources.,1999.0,12.0,10.0,(High Throughput X-ray Spectroscopy Mission),6.265732014659643,120398,13450,133848,66924.0,106948,80482.37322544608,40241.18661272304,3.64666634763616e-05,172299.42934736735,172329.0,171820.81982140243,478.60952596490927,171820.81982140243,6.265732014659643,53474.0,6.196398505009177,0.25835615472944656,0.5167123094588931,6.454754659738623,0.1146653727437567,7281.972864766894,58186.94295650531,19880.125524832954
1154,Spektr-R/RadioAstron,Russia,Multinational,Astro Space Center of Moscow/Russian Academy of Sciences,Government,Space Science,,LEO,Cislunar,160.0,1000,330000,0.9570000000000001,51.46,,3660.0,,,2011-07-18,5.0,Lavochkin,Russia,Baikonur Cosmodrome,Zenit 3SLBF/Fregat SB,2011-037A,37755,"Featuring a 30-foot (10-meter) wide antenna ""The aim  is to use the space telescope to conduct interferometer observations to obtain images coordinates motions and evolution of angular structure of different radio emitting objects in the universe.""",2011.0,7.0,18.0,,2.792526803190927,336371,7371,343742,171871.0,329000,99586.9598090031,49793.47990450155,8.860637295042764e-06,709112.1211670432,,315160.9427409081,1969.7558921306756,315160.9427409081,2.7925268031909276,164500.0,2.9648617254011937,3.1153287750251626,6.230657550050325,6.080190500426356,0.5255875152276716,327418.5478657427,171633.94426687245,-2614.3372005294837
